company_location,country_of_bean_origin,cocoa_percent,rating,counts_of_ingredients,cocoa_butter,vanilla,lecithin,salt,sugar,sweetener_without_sugar
U.S.A,Madagascar,76.0,4.0,3,1,0,0,0,1,0
U.S.A,Dominican republic,76.0,4.0,3,1,0,0,0,1,0
U.S.A,Tanzania,76.0,3.0,3,1,0,0,0,1,0
France,Peru,63.0,4.0,4,1,0,1,0,1,0
France,Bolivia,70.0,4.0,4,1,0,1,0,1,0
France,Venezuela,70.0,4.0,4,1,0,1,0,1,0
France,Peru,63.0,4.0,3,1,0,0,0,1,0
France,Ecuador,70.0,4.0,4,1,0,1,0,1,0
France,Peru,70.0,4.0,4,1,0,1,0,1,0
France,Brazil,70.0,3.0,4,1,0,1,0,1,0
France,Papua new guinea,70.0,3.0,4,1,0,1,0,1,0
France,Peru,70.0,3.0,4,1,0,1,0,1,0
France,Madagascar,70.0,3.0,4,1,0,1,0,1,0
France,Burma,70.0,3.0,4,1,0,1,0,1,0
France,Panama,70.0,3.0,4,1,0,1,0,1,0
France,Colombia,70.0,3.0,4,1,0,1,0,1,0
France,Peru,70.0,4.0,4,1,0,1,0,1,0
France,Venezuela,70.0,4.0,4,1,0,1,0,1,0
France,Cuba,70.0,4.0,4,1,0,1,0,1,0
France,Venezuela,70.0,4.0,4,1,0,1,0,1,0
France,Venezuela,70.0,3.0,4,1,0,1,0,1,0
France,Togo,70.0,4.0,4,1,0,1,0,1,0
France,Peru,70.0,4.0,4,1,0,1,0,1,0
France,Togo,70.0,3.0,4,1,0,1,0,1,0
France,Togo,70.0,3.0,4,1,0,1,0,1,0
France,Sao tome,63.0,4.0,4,1,0,1,0,1,0
France,Peru,63.0,4.0,4,1,0,1,0,1,0
France,Venezuela,70.0,4.0,4,1,0,1,0,1,0
U.S.A,Peru,70.0,4.0,2,0,0,0,0,1,0
U.S.A,Peru,70.0,4.0,2,0,0,0,0,1,0
U.S.A,Peru,70.0,4.0,2,0,0,0,0,1,0
U.S.A,Mexico,74.0,3.0,2,0,0,0,0,1,0
Fiji,Fiji,88.0,4.0,3,1,0,0,0,1,0
Fiji,Fiji,72.0,4.0,3,1,0,0,0,1,0
Fiji,Fiji,80.0,3.0,3,1,0,0,0,1,0
Fiji,Fiji,60.0,3.0,3,1,0,0,0,1,0
Vanuatu,Vanuatu,70.0,3.0,2,0,0,0,0,1,0
Vanuatu,Vanuatu,70.0,3.0,2,0,0,0,0,1,0
Vanuatu,Vanuatu,70.0,3.0,2,0,0,0,0,1,0
Vanuatu,Vanuatu,70.0,2.0,2,0,0,0,0,1,0
Ecuador,Ecuador,70.0,3.0,4,1,1,0,0,1,0
Ecuador,Ecuador,55.0,3.0,4,1,1,0,0,1,0
Mexico,Mexico,70.0,3.0,3,1,0,0,0,1,0
Switzerland,Madagascar,75.0,3.0,4,1,0,1,0,1,0
Switzerland,Brazil,75.0,3.0,4,1,0,1,0,1,0
Switzerland,Indonesia,75.0,4.0,4,1,0,1,0,1,0
France,Venezuela,75.0,2.0,5,1,1,1,0,1,0
France,Peru,75.0,2.0,5,1,1,1,0,1,0
France,Madagascar,75.0,3.0,5,1,1,0,1,1,0
France,Trinidad,65.0,3.0,6,1,1,1,1,1,0
France,Vietnam,75.0,3.0,5,1,1,0,1,1,0
France,Mexico,75.0,4.0,6,1,1,1,1,1,0
Netherlands,Ecuador,70.0,4.0,3,1,0,0,0,1,0
Netherlands,Nicaragua,70.0,4.0,3,1,0,0,0,1,0
Netherlands,Tanzania,70.0,4.0,3,1,0,0,0,1,0
Netherlands,Vietnam,70.0,4.0,3,1,0,0,0,1,0
U.S.A,Bolivia,80.0,3.0,4,1,0,1,0,1,0
U.S.A,Peru,60.0,3.0,4,1,0,1,0,1,0
U.S.A,Dominican republic,60.0,3.0,4,1,0,1,0,1,0
U.S.A,Bolivia,60.0,3.0,4,1,0,1,0,1,0
U.S.A,Venezuela,60.0,2.0,4,1,0,1,0,1,0
U.S.A,Peru,60.0,3.0,3,1,0,0,0,1,0
U.S.A,Nicaragua,60.0,3.0,3,1,0,0,0,1,0
U.S.A,Ecuador,60.0,3.0,3,1,0,0,0,1,0
U.S.A,Bolivia,60.0,2.0,3,1,0,0,0,1,0
U.S.A,Peru,60.0,2.0,3,1,0,0,0,1,0
U.S.A,Dominican republic,70.0,3.0,3,1,0,0,0,1,0
U.S.A,Venezuela,70.0,4.0,4,1,1,0,0,1,0
U.S.A,Madagascar,70.0,4.0,4,1,1,0,0,1,0
U.S.A,Venezuela,70.0,3.0,4,1,1,0,0,1,0
U.S.A,Indonesia,70.0,3.0,4,1,1,0,0,1,0
U.S.A,Venezuela,70.0,3.0,4,1,1,0,0,1,0
U.S.A,Ecuador,70.0,4.0,4,1,1,0,0,1,0
U.S.A,Dominican republic,70.0,4.0,4,1,1,0,0,1,0
U.S.A,Venezuela,70.0,3.0,4,1,1,0,0,1,0
U.S.A,Papua new guinea,70.0,4.0,4,1,1,0,0,1,0
Spain,Ghana,70.0,3.0,2,0,0,0,0,1,0
Spain,Ghana,85.0,3.0,2,0,0,0,0,1,0
Spain,Ecuador,70.0,3.0,2,0,0,0,0,1,0
Spain,Ecuador,85.0,3.0,2,0,0,0,0,1,0
Peru,Peru,73.0,4.0,3,1,0,0,0,1,0
Peru,Peru,72.0,3.0,3,1,0,0,0,1,0
Canada,Peru,68.0,4.0,2,0,0,0,0,1,0
Canada,Madagascar,66.0,3.0,2,0,0,0,0,1,0
Canada,Dominican republic,75.0,3.0,2,0,0,0,0,1,0
Canada,Papua new guinea,63.0,3.0,2,0,0,0,0,1,0
Canada,Venezuela,70.0,3.0,2,0,0,0,0,1,0
Canada,Belize,64.0,3.0,4,1,0,1,0,1,0
Italy,Blend,66.0,4.0,4,1,1,0,0,1,0
Italy,Venezuela,70.0,4.0,4,1,1,0,0,1,0
Italy,Grenada,70.0,4.0,4,1,1,0,0,1,0
Italy,Trinidad,70.0,4.0,4,1,1,0,0,1,0
Italy,Blend,63.0,4.0,4,1,1,0,0,1,0
Italy,Ecuador,70.0,3.0,4,1,1,0,0,1,0
Italy,Jamaica,70.0,3.0,4,1,1,0,0,1,0
Italy,Peru,70.0,4.0,4,1,1,0,0,1,0
Italy,Blend,75.0,4.0,4,1,1,0,0,1,0
Italy,Madagascar,70.0,3.0,4,1,1,0,0,1,0
Italy,Venezuela,70.0,3.0,4,1,1,0,0,1,0
Italy,Venezuela,70.0,3.0,4,1,1,0,0,1,0
Italy,Blend,70.0,3.0,3,1,0,0,0,1,0
Brazil,Brazil,60.0,4.0,4,1,0,1,0,1,0
Brazil,Brazil,50.0,4.0,4,1,0,1,0,1,0
Brazil,Brazil,75.0,4.0,4,1,0,1,0,1,0
Brazil,Brazil,85.0,3.0,4,1,0,1,0,1,0
Brazil,Brazil,75.0,3.0,4,1,0,1,0,1,0
U.S.A,Dominican republic,75.0,3.0,2,0,0,0,0,1,0
U.S.A,Bolivia,75.0,4.0,2,0,0,0,0,1,0
France,Madagascar,75.0,3.0,3,1,0,0,0,1,0
France,Venezuela,75.0,3.0,3,1,0,0,0,1,0
France,Ecuador,75.0,3.0,3,1,0,0,0,1,0
France,Mexico,72.0,2.0,3,1,0,0,0,1,0
U.S.A,Nicaragua,70.0,4.0,2,0,0,0,0,1,0
U.S.A,Ecuador,70.0,4.0,2,0,0,0,0,1,0
U.S.A,Belize,70.0,4.0,2,0,0,0,0,1,0
U.S.A,Brazil,70.0,4.0,2,0,0,0,0,1,0
U.S.A,Peru,68.0,4.0,2,0,0,0,0,1,0
U.S.A,Dominican republic,70.0,4.0,2,0,0,0,0,1,0
U.S.A,Ecuador,75.0,4.0,3,1,0,0,0,1,0
U.S.A,Guatemala,70.0,3.0,2,0,0,0,0,1,0
U.S.A,Brazil,75.0,3.0,2,0,0,0,0,1,0
U.S.A,Costa rica,70.0,4.0,2,0,0,0,0,1,0
U.S.A,Peru,70.0,4.0,2,0,0,0,0,1,0
U.S.A,Tanzania,70.0,4.0,2,0,0,0,0,1,0
U.S.A,Nicaragua,70.0,4.0,3,1,0,0,0,1,0
U.S.A,Dominican republic,70.0,4.0,2,0,0,0,0,1,0
U.S.A,Trinidad,70.0,4.0,2,0,0,0,0,1,0
U.S.A,Vietnam,73.0,4.0,3,1,0,0,0,1,0
U.S.A,Guatemala,70.0,4.0,2,0,0,0,0,1,0
U.S.A,Honduras,70.0,4.0,2,0,0,0,0,1,0
U.S.A,Ecuador,70.0,3.0,3,1,0,0,0,1,0
U.S.A,Ecuador,70.0,3.0,3,1,0,0,0,1,0
U.S.A,Fiji,70.0,3.0,2,0,0,0,0,1,0
U.S.A,Vietnam,73.0,3.0,2,0,0,0,0,1,0
U.S.A,Bolivia,70.0,4.0,2,0,0,0,0,1,0
U.S.A,Haiti,70.0,4.0,2,0,0,0,0,1,0
U.S.A,India,70.0,4.0,2,0,0,0,0,1,0
U.S.A,Madagascar,70.0,4.0,3,1,0,0,0,1,0
U.S.A,Vietnam,73.0,4.0,3,1,0,0,0,1,0
U.S.A,Peru,70.0,4.0,3,1,0,0,0,1,0
U.S.A,Colombia,70.0,4.0,2,0,0,0,0,1,0
U.S.A,Trinidad,70.0,3.0,2,0,0,0,0,1,0
U.S.A,India,70.0,3.0,3,1,0,0,0,1,0
U.S.A,India,70.0,3.0,3,1,0,0,0,1,0
Nicaragua,Nicaragua,70.0,4.0,2,0,0,0,0,1,0
Nicaragua,Nicaragua,70.0,4.0,2,0,0,0,0,1,0
Nicaragua,Nicaragua,70.0,3.0,2,0,0,0,0,1,0
Nicaragua,Nicaragua,70.0,3.0,2,0,0,0,0,1,0
U.k.,Congo,72.0,4.0,3,1,0,0,0,1,0
U.k.,Dominican republic,72.0,3.0,3,1,0,0,0,1,0
U.k.,Madagascar,80.0,3.0,3,1,0,0,0,1,0
U.k.,Peru,75.0,3.0,3,1,0,0,0,1,0
U.k.,Indonesia,72.0,3.0,3,1,0,0,0,1,0
U.k.,Venezuela,75.0,2.0,3,1,0,0,0,1,0
U.k.,Brazil,72.0,2.0,3,1,0,0,0,1,0
U.k.,Jamaica,72.0,4.0,3,1,0,0,0,1,0
U.k.,Indonesia,72.0,4.0,3,1,0,0,0,1,0
U.k.,Costa rica,72.0,3.0,3,1,0,0,0,1,0
U.k.,Vietnam,72.0,3.0,3,1,0,0,0,1,0
U.k.,Haiti,72.0,4.0,3,1,0,0,0,1,0
U.k.,Panama,72.0,3.0,3,1,0,0,0,1,0
U.k.,Colombia,72.0,4.0,3,1,0,0,0,1,0
U.k.,Trinidad,72.0,3.0,3,1,0,0,0,1,0
U.k.,Colombia,72.0,3.0,4,1,0,1,0,1,0
U.S.A,Ecuador,70.0,3.0,2,0,0,0,0,1,0
U.S.A,Mexico,75.0,2.0,2,0,0,0,0,1,0
U.S.A,Philippines,77.0,4.0,2,0,0,0,0,1,0
U.S.A,Tanzania,72.0,4.0,2,0,0,0,0,1,0
U.S.A,Honduras,70.0,4.0,2,0,0,0,0,1,0
U.S.A,Tanzania,68.0,4.0,3,1,0,0,0,1,0
Australia,Solomon islands,70.0,3.0,4,1,0,1,0,1,0
Philippines,Philippines,70.0,4.0,3,1,0,0,0,1,0
Philippines,Philippines,70.0,3.0,3,1,0,0,0,1,0
Philippines,Philippines,70.0,3.0,3,1,0,0,0,1,0
Philippines,Philippines,77.0,3.0,4,0,1,1,0,1,0
Australia,Madagascar,70.0,3.0,2,0,0,0,0,1,0
Australia,Brazil,70.0,2.0,2,0,0,0,0,1,0
Australia,Blend,70.0,2.0,2,0,0,0,0,1,0
Australia,Papua new guinea,70.0,4.0,2,0,0,0,0,1,0
Australia,Blend,80.0,3.0,2,0,0,0,0,1,0
Brazil,Brazil,70.0,3.0,2,0,0,0,0,1,0
Peru,Peru,70.0,4.0,3,1,0,0,0,1,0
Peru,Peru,70.0,3.0,3,1,0,0,0,1,0
U.S.A,Tanzania,72.0,3.0,3,1,0,0,0,1,0
U.S.A,Uganda,82.0,3.0,3,1,0,0,0,1,0
U.S.A,Belize,72.0,2.0,3,1,0,0,0,1,0
U.S.A,Madagascar,70.0,4.0,2,0,0,0,0,1,0
U.S.A,Mexico,70.0,4.0,2,0,0,0,0,1,0
U.S.A,Dominican republic,70.0,3.0,2,0,0,0,0,1,0
U.S.A,Peru,70.0,4.0,2,0,0,0,0,1,0
U.S.A,Brazil,70.0,4.0,2,0,0,0,0,1,0
U.S.A,Costa rica,72.0,4.0,2,0,0,0,0,1,0
U.S.A,Trinidad,80.0,4.0,2,0,0,0,0,1,0
Wales,Costa rica,80.0,3.0,4,1,1,0,0,1,0
U.S.A,Brazil,70.0,4.0,3,1,0,0,0,1,0
U.S.A,Dominican republic,65.0,4.0,3,1,0,0,0,1,0
U.S.A,Ecuador,65.0,3.0,3,1,0,0,0,1,0
U.k.,Peru,70.0,2.0,4,1,1,0,0,1,0
U.k.,Malaysia,72.0,3.0,3,1,0,0,0,1,0
U.k.,Malaysia,73.0,3.0,3,1,0,0,0,1,0
U.S.A,Brazil,80.0,3.0,3,1,0,0,0,1,0
U.S.A,Dominican republic,70.0,3.0,3,1,0,0,0,1,0
U.S.A,Ecuador,70.0,3.0,3,1,0,0,0,1,0
U.S.A,Ecuador,90.0,3.0,3,1,0,0,0,1,0
Belgium,Ecuador,71.0,4.0,4,1,0,1,0,1,0
Belgium,Costa rica,64.0,3.0,4,1,0,1,0,1,0
Belgium,Papua new guinea,64.0,3.0,4,1,0,1,0,1,0
Belgium,Peru,64.0,3.0,4,1,0,1,0,1,0
U.S.A,Tanzania,70.0,4.0,3,1,0,0,0,1,0
U.S.A,Dominican republic,70.0,4.0,2,0,0,0,0,1,0
U.S.A,Bolivia,70.0,3.0,3,1,0,0,0,1,0
Vietnam,Vietnam,75.0,3.0,3,1,0,0,0,1,0
Germany,Belize,83.0,4.0,3,1,0,0,0,1,0
Germany,Belize,78.0,3.0,3,1,0,0,0,1,0
Germany,Belize,83.0,3.0,3,1,0,0,0,1,0
Singapore,Vietnam,72.0,3.0,4,1,0,1,0,1,0
Singapore,India,72.0,3.0,4,1,0,1,0,1,0
Singapore,Malaysia,72.0,3.0,4,1,0,1,0,1,0
Belgium,Indonesia,72.0,4.0,3,1,0,0,0,1,0
Belgium,Madagascar,72.0,4.0,3,1,0,0,0,1,0
Belgium,Ecuador,73.0,4.0,3,1,0,0,0,1,0
Belgium,Cuba,74.0,4.0,3,1,0,0,0,1,0
Belgium,Venezuela,74.0,4.0,3,1,0,0,0,1,0
Belgium,Venezuela,74.0,4.0,3,1,0,0,0,1,0
France,Blend,55.0,3.0,5,1,1,1,0,1,0
Switzerland,Indonesia,64.0,4.0,3,1,0,0,0,1,0
Switzerland,Venezuela,72.0,4.0,3,1,0,0,0,1,0
Switzerland,Venezuela,70.0,3.0,3,1,0,0,0,1,0
Switzerland,Venezuela,74.0,3.0,3,1,0,0,0,1,0
Switzerland,Ecuador,72.0,4.0,3,1,0,0,0,1,0
Switzerland,Venezuela,72.0,4.0,3,1,0,0,0,1,0
Switzerland,Madagascar,64.0,3.0,3,1,0,0,0,1,0
Switzerland,Venezuela,88.0,3.0,3,1,0,0,0,1,0
U.S.A,Belize,86.0,3.0,4,1,1,0,0,1,0
U.S.A,Nicaragua,76.0,2.0,2,0,0,0,0,1,0
U.S.A,Costa rica,76.0,2.0,2,0,0,0,0,1,0
U.S.A,Costa rica,78.0,2.0,4,1,1,0,0,1,0
Venezuela,Venezuela,70.0,4.0,4,1,0,1,0,1,0
Venezuela,Venezuela,70.0,3.0,4,1,0,1,0,1,0
Venezuela,Venezuela,70.0,3.0,4,1,0,1,0,1,0
U.S.A,Dominican republic,68.0,4.0,2,0,0,0,0,1,0
U.S.A,Panama,75.0,4.0,2,0,0,0,0,1,0
U.S.A,Madagascar,71.0,3.0,2,0,0,0,0,1,0
U.S.A,Ghana,70.0,3.0,2,0,0,0,0,1,0
U.S.A,Dominican republic,65.0,4.0,2,0,0,0,0,1,0
U.S.A,Madagascar,65.0,4.0,2,0,0,0,0,1,0
U.S.A,Madagascar,75.0,3.0,2,0,0,0,0,1,0
U.S.A,Dominican republic,75.0,3.0,2,0,0,0,0,1,0
U.S.A,Blend,70.0,4.0,2,0,0,0,0,1,0
U.S.A,Indonesia,75.0,3.0,2,0,0,0,0,1,0
U.S.A,Madagascar,70.0,3.0,2,0,0,0,0,1,0
U.S.A,Venezuela,78.0,3.0,2,0,0,0,0,1,0
U.S.A,Indonesia,65.0,3.0,2,0,0,0,0,1,0
U.S.A,Ghana,72.0,4.0,3,1,0,0,0,1,0
U.S.A,Dominican republic,70.0,3.0,2,0,0,0,0,1,0
U.S.A,Haiti,70.0,3.0,2,0,0,0,0,1,0
U.S.A,Guatemala,70.0,3.0,2,0,0,0,0,1,0
U.S.A,Belize,70.0,3.0,2,0,0,0,0,1,0
U.S.A,Nicaragua,70.0,3.0,3,1,0,0,0,1,0
U.S.A,Dominican republic,70.0,3.0,3,1,0,0,0,1,0
U.S.A,Venezuela,70.0,3.0,3,1,0,0,0,1,0
U.k.,Jamaica,70.0,3.0,4,1,0,1,0,1,0
Spain,Blend,72.0,3.0,4,1,1,0,0,1,0
Spain,Congo,82.0,4.0,4,1,1,0,0,1,0
U.S.A,Madagascar,70.0,4.0,3,1,0,0,0,1,0
U.S.A,Guatemala,70.0,4.0,3,1,0,0,0,1,0
U.S.A,Madagascar,82.0,4.0,2,0,0,0,0,1,0
U.S.A,Tanzania,75.0,4.0,2,0,0,0,0,1,0
U.S.A,Dominican republic,75.0,3.0,2,0,0,0,0,1,0
U.S.A,Guatemala,75.0,3.0,2,0,0,0,0,1,0
U.S.A,Belize,70.0,3.0,3,1,0,0,0,1,0
Malaysia,Malaysia,74.0,3.0,2,0,0,0,0,1,0
Malaysia,Malaysia,72.0,3.0,2,0,0,0,0,1,0
Malaysia,Malaysia,68.0,2.0,2,0,0,0,0,1,0
France,Venezuela,75.0,4.0,3,1,0,0,0,1,0
France,Venezuela,75.0,4.0,3,1,0,0,0,1,0
France,Blend,75.0,4.0,3,1,0,0,0,1,0
France,Venezuela,75.0,4.0,3,1,0,0,0,1,0
France,Madagascar,75.0,4.0,3,1,0,0,0,1,0
France,Sri lanka,75.0,3.0,3,1,0,0,0,1,0
France,Ecuador,75.0,2.0,3,1,0,0,0,1,0
France,Venezuela,75.0,4.0,3,1,0,0,0,1,0
France,Ivory coast,75.0,3.0,3,1,0,0,0,1,0
France,Mexico,75.0,3.0,3,1,0,0,0,1,0
France,Mexico,75.0,3.0,3,1,0,0,0,1,0
France,Peru,75.0,3.0,3,1,0,0,0,1,0
France,Haiti,75.0,4.0,3,1,0,0,0,1,0
France,Madagascar,75.0,4.0,3,1,0,0,0,1,0
France,Brazil,75.0,4.0,3,1,0,0,0,1,0
France,Cuba,75.0,4.0,3,1,0,0,0,1,0
France,Peru,75.0,4.0,3,1,0,0,0,1,0
France,Peru,75.0,4.0,3,1,0,0,0,1,0
France,Brazil,75.0,4.0,3,1,0,0,0,1,0
France,Jamaica,75.0,3.0,3,1,0,0,0,1,0
France,Brazil,75.0,4.0,3,1,0,0,0,1,0
France,Gabon,75.0,3.0,3,1,0,0,0,1,0
France,Brazil,75.0,4.0,3,1,0,0,0,1,0
France,Blend,65.0,4.0,3,1,0,0,0,1,0
France,Dominican republic,75.0,3.0,3,1,0,0,0,1,0
France,Mexico,75.0,4.0,3,1,0,0,0,1,0
France,Peru,75.0,4.0,3,1,0,0,0,1,0
France,Blend,75.0,4.0,3,1,0,0,0,1,0
Ecuador,Ecuador,77.0,3.0,2,0,0,0,0,1,0
U.S.A,Dominican republic,72.0,3.0,3,1,0,0,0,1,0
U.S.A,Peru,70.0,4.0,3,1,0,0,0,1,0
U.S.A,Ecuador,75.0,4.0,3,1,0,0,0,1,0
U.S.A,Ghana,75.0,4.0,5,1,1,1,0,1,0
U.S.A,Venezuela,85.0,4.0,5,1,1,1,0,1,0
U.S.A,Ecuador,70.0,3.0,5,1,1,1,0,1,0
U.S.A,Dominican republic,72.0,3.0,5,1,1,1,0,1,0
U.S.A,Venezuela,70.0,4.0,3,1,0,0,0,1,0
U.S.A,Belize,70.0,4.0,3,1,0,0,0,1,0
U.S.A,Dominican republic,68.0,4.0,3,1,0,0,0,1,0
U.S.A,Nicaragua,70.0,4.0,3,1,0,0,0,1,0
U.S.A,Venezuela,70.0,4.0,3,1,0,0,0,1,0
U.S.A,Ecuador,75.0,4.0,3,1,0,0,0,1,0
U.S.A,Dominican republic,70.0,3.0,3,1,0,0,0,1,0
U.S.A,Bolivia,70.0,4.0,3,1,0,0,0,1,0
U.S.A,Guatemala,70.0,4.0,2,0,0,0,0,1,0
U.S.A,Dominican republic,80.0,3.0,3,1,0,0,0,1,0
U.S.A,Belize,80.0,3.0,3,1,0,0,0,1,0
U.S.A,Madagascar,60.0,3.0,3,1,0,0,0,1,0
U.S.A,Dominican republic,60.0,3.0,3,1,0,0,0,1,0
U.S.A,Madagascar,80.0,3.0,3,1,0,0,0,1,0
U.S.A,Jamaica,70.0,3.0,4,1,1,0,0,1,0
Australia,Dominican republic,70.0,4.0,3,1,0,0,0,1,0
Australia,Ecuador,72.0,4.0,3,1,0,0,0,1,0
Australia,Madagascar,72.0,3.0,3,1,0,0,0,1,0
Australia,Trinidad,68.0,3.0,3,1,0,0,0,1,0
Russia,Ecuador,70.0,3.0,2,0,0,0,0,1,0
U.S.A,Dominican republic,68.0,3.0,3,1,0,0,0,1,0
U.k.,Guatemala,70.0,3.0,3,1,0,0,0,1,0
U.k.,Bolivia,70.0,2.0,3,1,0,0,0,1,0
U.S.A,Ecuador,72.0,4.0,3,1,0,0,0,1,0
U.S.A,Trinidad,72.0,3.0,3,1,0,0,0,1,0
U.S.A,Belize,72.0,3.0,3,1,0,0,0,1,0
U.S.A,Blend,72.0,3.0,3,1,0,0,0,1,0
U.S.A,Ecuador,60.0,2.0,3,1,0,0,0,1,0
South korea,Ecuador,70.0,3.0,2,0,0,0,0,1,0
Taiwan,Philippines,70.0,4.0,2,0,0,0,0,0,1
Taiwan,Taiwan,70.0,3.0,2,0,0,0,0,0,1
Canada,Bolivia,70.0,4.0,4,1,0,1,0,1,0
Canada,Guatemala,70.0,4.0,4,1,0,1,0,1,0
Canada,Guatemala,70.0,3.0,4,1,0,1,0,1,0
Puerto rico,Puerto rico,70.0,2.0,2,0,0,0,0,1,0
U.S.A,Dominican republic,75.0,3.0,2,0,0,0,0,1,0
U.S.A,Dominican republic,75.0,2.0,2,0,0,0,0,1,0
U.S.A,Venezuela,75.0,2.0,2,0,0,0,0,1,0
U.S.A,Peru,75.0,2.0,2,0,0,0,0,1,0
France,Mexico,66.0,3.0,5,1,1,1,0,1,0
France,Venezuela,72.0,2.0,5,1,1,1,0,1,0
France,Tanzania,75.0,2.0,5,1,1,1,0,1,0
France,Dominican republic,70.0,3.0,5,1,1,1,0,1,0
France,Haiti,65.0,4.0,5,1,1,1,0,1,0
Switzerland,Colombia,72.0,4.0,2,0,0,0,0,1,0
Switzerland,Colombia,72.0,3.0,2,0,0,0,0,1,0
Switzerland,Colombia,72.0,2.0,2,0,0,0,0,1,0
Venezuela,Venezuela,70.0,4.0,2,0,0,0,0,1,0
Venezuela,Venezuela,75.0,4.0,2,0,0,0,0,1,0
Venezuela,Venezuela,74.0,3.0,2,0,0,0,0,1,0
Venezuela,Venezuela,75.0,2.0,2,0,0,0,0,1,0
Venezuela,Venezuela,77.0,4.0,2,0,0,0,0,1,0
Venezuela,Venezuela,74.0,3.0,2,0,0,0,0,1,0
Venezuela,Venezuela,75.0,3.0,2,0,0,0,0,1,0
Venezuela,Venezuela,75.0,3.0,2,0,0,0,0,1,0
Venezuela,Venezuela,70.0,3.0,2,0,0,0,0,1,0
Venezuela,Venezuela,75.0,2.0,2,0,0,0,0,1,0
Colombia,Colombia,64.0,4.0,4,1,0,1,0,1,0
Colombia,Colombia,70.0,4.0,4,1,0,1,0,1,0
Colombia,Colombia,70.0,3.0,4,1,0,1,0,1,0
Colombia,Colombia,69.0,3.0,4,1,0,1,0,1,0
Colombia,Colombia,72.0,4.0,3,1,0,0,0,1,0
Colombia,Colombia,71.0,4.0,3,1,0,0,0,1,0
Colombia,Colombia,74.0,4.0,3,1,0,0,0,1,0
U.S.A,Honduras,70.0,4.0,4,1,0,1,0,1,0
U.S.A,Dominican republic,66.0,4.0,2,0,0,0,0,1,0
U.S.A,Dominican republic,65.0,3.0,2,0,0,0,0,1,0
U.S.A,Dominican republic,72.0,3.0,2,0,0,0,0,1,0
U.S.A,Dominican republic,72.0,4.0,2,0,0,0,0,1,0
Spain,Mexico,70.0,4.0,4,1,0,1,0,1,0
Spain,Mexico,70.0,4.0,4,1,0,1,0,1,0
Spain,Papua new guinea,71.0,4.0,4,1,0,1,0,1,0
Spain,Ecuador,71.0,4.0,4,1,0,1,0,1,0
Spain,Madagascar,71.0,4.0,4,1,0,1,0,1,0
Spain,Venezuela,71.0,4.0,4,1,0,1,0,1,0
Spain,Venezuela,77.0,4.0,4,1,0,1,0,1,0
Spain,Grenada,71.0,3.0,4,1,0,1,0,1,0
Spain,Congo,70.0,4.0,4,1,0,1,0,1,0
Japan,Vietnam,70.0,4.0,2,0,0,0,0,1,0
Japan,Peru,70.0,3.0,2,0,0,0,0,1,0
Japan,Madagascar,70.0,3.0,2,0,0,0,0,1,0
Peru,Peru,70.0,3.0,2,0,0,0,0,1,0
Peru,Peru,70.0,3.0,2,0,0,0,0,1,0
Ecuador,Ecuador,63.0,4.0,4,1,0,1,0,1,0
Ecuador,Ecuador,71.0,4.0,4,1,0,1,0,1,0
Ecuador,Ecuador,82.0,2.0,4,1,0,1,0,1,0
Ecuador,Ecuador,91.0,2.0,4,1,0,1,0,1,0
Italy,Trinidad,70.0,2.0,2,0,0,0,0,1,0
Italy,Sao tome,78.0,2.0,2,0,0,0,0,1,0
Italy,Venezuela,80.0,3.0,2,0,0,0,0,1,0
Italy,Ecuador,100.0,4.0,1,0,0,0,0,0,0
Italy,Blend,70.0,4.0,2,0,0,0,0,1,0
Italy,Dominican republic,72.0,3.0,2,0,0,0,0,1,0
Italy,Cuba,75.0,2.0,2,0,0,0,0,1,0
U.S.A,Brazil,70.0,3.0,3,1,0,0,0,1,0
U.S.A,Venezuela,70.0,3.0,3,1,0,0,0,1,0
U.S.A,Bolivia,75.0,3.0,3,1,0,0,0,1,0
U.S.A,Tanzania,73.0,3.0,3,1,0,0,0,1,0
U.S.A,Venezuela,75.0,2.0,3,1,0,0,0,1,0
Ecuador,Ecuador,55.0,4.0,4,1,0,1,0,1,0
Ecuador,Ecuador,55.0,3.0,4,1,0,1,0,1,0
Ecuador,Ecuador,55.0,3.0,4,1,0,1,0,1,0
Ecuador,Ecuador,77.0,3.0,4,1,0,1,0,1,0
Ecuador,Ecuador,77.0,2.0,4,1,0,1,0,1,0
Ecuador,Ecuador,77.0,2.0,4,1,0,1,0,1,0
New zealand,Papua new guinea,70.0,4.0,3,1,0,0,0,1,0
New zealand,Papua new guinea,70.0,4.0,3,1,0,0,0,1,0
Costa rica,Costa rica,72.0,3.0,2,0,0,0,0,1,0
Costa rica,Costa rica,80.0,3.0,2,0,0,0,0,1,0
Costa rica,Guatemala,72.0,4.0,3,1,0,0,0,1,0
Costa rica,Costa rica,72.0,4.0,2,0,0,0,0,1,0
Costa rica,Costa rica,72.0,3.0,2,0,0,0,0,1,0
Colombia,Colombia,65.0,4.0,3,1,0,0,0,1,0
Colombia,Colombia,65.0,4.0,3,1,0,0,0,1,0
Colombia,Colombia,65.0,3.0,3,1,0,0,0,1,0
Colombia,Colombia,65.0,3.0,3,1,0,0,0,1,0
Colombia,Colombia,65.0,3.0,3,1,0,0,0,1,0
U.S.A,Blend,75.0,2.0,2,0,0,0,0,1,0
Brazil,Brazil,65.0,3.0,2,0,0,0,0,1,0
Brazil,Brazil,71.0,3.0,2,0,0,0,0,1,0
U.S.A,Dominican republic,73.0,4.0,2,0,0,0,0,1,0
U.S.A,Venezuela,70.0,3.0,3,1,0,0,0,1,0
U.S.A,Nicaragua,72.0,3.0,3,1,0,0,0,1,0
U.S.A,Bolivia,70.0,3.0,3,1,0,0,0,1,0
U.S.A,Venezuela,72.0,3.0,3,1,0,0,0,1,0
U.S.A,Peru,70.0,3.0,3,1,0,0,0,1,0
U.S.A,Peru,70.0,2.0,3,1,0,0,0,1,0
U.S.A,Colombia,72.0,4.0,3,1,0,0,0,1,0
U.S.A,Colombia,76.0,4.0,3,1,0,0,0,1,0
U.S.A,Dominican republic,70.0,3.0,3,1,0,0,0,1,0
U.S.A,Dominican republic,70.0,4.0,3,1,0,0,0,1,0
U.S.A,Honduras,72.0,4.0,3,1,0,0,0,1,0
U.S.A,Venezuela,72.0,4.0,3,1,0,0,0,1,0
U.S.A,Belize,72.0,4.0,3,1,0,0,0,1,0
U.S.A,Venezuela,70.0,3.0,2,0,0,0,0,1,0
U.S.A,Mexico,70.0,4.0,3,1,0,0,0,1,0
U.S.A,Puerto rico,70.0,4.0,3,1,0,0,0,1,0
U.S.A,Bolivia,70.0,3.0,3,1,0,0,0,1,0
U.S.A,Peru,70.0,3.0,3,1,0,0,0,1,0
U.S.A,Venezuela,70.0,3.0,3,1,0,0,0,1,0
U.S.A,Ecuador,70.0,2.0,3,1,0,0,0,1,0
Canada,Uganda,70.0,3.0,3,1,0,0,0,1,0
France,Bolivia,74.0,3.0,2,0,0,0,0,1,0
France,Venezuela,68.0,4.0,3,1,0,0,0,1,0
U.S.A,Belize,70.0,3.0,3,1,0,0,0,1,0
Ecuador,Ecuador,75.0,3.0,3,1,0,0,0,1,0
Ecuador,Ecuador,55.0,3.0,3,1,0,0,0,1,0
U.S.A,Costa rica,70.0,4.0,3,1,0,0,0,1,0
U.S.A,Peru,72.0,3.0,3,1,0,0,0,1,0
U.S.A,Ecuador,72.0,4.0,3,1,0,0,0,1,0
U.k.,Ecuador,70.0,3.0,3,1,0,0,0,1,0
Germany,Belize,82.0,3.0,2,0,0,0,0,1,0
Germany,Belize,75.0,3.0,2,0,0,0,0,1,0
South korea,Malaysia,70.0,4.0,2,0,0,0,0,1,0
South korea,Vietnam,70.0,3.0,2,0,0,0,0,1,0
Hungary,Dominican republic,71.0,3.0,3,1,0,0,0,1,0
Hungary,Nicaragua,72.0,2.0,3,1,0,0,0,1,0
U.k.,Peru,65.0,3.0,2,0,0,0,0,1,0
U.k.,Peru,65.0,2.0,2,0,0,0,0,1,0
U.k.,Dominican republic,80.0,2.0,2,0,0,0,0,1,0
U.k.,Madagascar,74.0,3.0,2,0,0,0,0,1,0
U.S.A,Madagascar,70.0,4.0,2,0,0,0,0,1,0
U.S.A,Venezuela,68.0,4.0,2,0,0,0,0,1,0
U.S.A,Peru,90.0,2.0,2,0,0,0,0,0,1
U.S.A,Blend,80.0,2.0,2,0,0,0,0,0,1
U.S.A,Ecuador,70.0,3.0,2,0,0,0,0,1,0
U.S.A,Dominican republic,60.0,3.0,2,0,0,0,0,1,0
U.S.A,Dominican republic,75.0,3.0,2,0,0,0,0,1,0
U.S.A,Venezuela,80.0,3.0,2,0,0,0,0,1,0
U.S.A,Uganda,70.0,3.0,2,0,0,0,0,1,0
U.S.A,Nicaragua,80.0,3.0,2,0,0,0,0,1,0
U.S.A,Bolivia,70.0,2.0,2,0,0,0,0,1,0
U.S.A,Peru,74.0,3.0,3,1,0,0,0,0,1
Netherlands,Peru,80.0,4.0,3,1,0,0,0,1,0
Netherlands,Congo,68.0,4.0,3,1,0,0,0,1,0
Netherlands,Dominican republic,75.0,3.0,3,1,0,0,0,1,0
Scotland,Madagascar,72.0,3.0,3,1,0,0,0,1,0
Scotland,Peru,68.0,3.0,3,1,0,0,0,1,0
Scotland,Ecuador,82.0,2.0,3,1,0,0,0,1,0
Scotland,Peru,70.0,4.0,2,0,0,0,0,1,0
Scotland,Peru,69.0,4.0,3,1,0,0,0,1,0
Scotland,Venezuela,80.0,4.0,2,0,0,0,0,1,0
Belgium,India,70.0,3.0,3,1,0,0,0,1,0
Canada,Mexico,70.0,2.0,4,1,1,0,0,1,0
U.S.A,Guatemala,76.0,3.0,2,0,0,0,0,1,0
U.S.A,Peru,70.0,3.0,2,0,0,0,0,1,0
U.S.A,India,63.0,2.0,3,1,0,0,0,1,0
Spain,Blend,70.0,3.0,4,1,0,1,0,1,0
Spain,Ecuador,71.0,2.0,4,1,0,1,0,1,0
Spain,Grenada,71.0,2.0,4,1,0,1,0,1,0
Spain,Venezuela,71.0,4.0,4,1,0,1,0,1,0
Spain,Blend,60.0,3.0,4,1,0,1,0,1,0
Spain,Blend,75.0,3.0,4,1,0,1,0,1,0
Spain,Madagascar,71.0,4.0,4,1,0,1,0,1,0
Spain,Mexico,71.0,3.0,4,1,0,1,0,1,0
U.S.A,Mexico,65.0,2.0,2,0,0,0,0,1,0
U.S.A,Mexico,75.0,2.0,2,0,0,0,0,1,0
Canada,Brazil,70.0,3.0,4,1,1,0,0,1,0
Canada,Brazil,80.0,3.0,4,1,1,0,0,1,0
Canada,Venezuela,70.0,3.0,4,1,1,0,0,1,0
Canada,Mexico,70.0,3.0,4,1,1,0,0,1,0
Canada,Venezuela,80.0,2.0,4,1,1,0,0,1,0
Martinique,Martinique,42.0,3.0,4,0,1,1,0,1,0
Canada,Mexico,75.0,3.0,3,1,0,0,0,1,0
Peru,Peru,70.0,3.0,2,0,0,0,0,1,0
U.S.A,Peru,75.0,4.0,3,1,0,0,0,1,0
U.S.A,Brazil,70.0,4.0,3,1,0,0,0,1,0
U.S.A,Dominican republic,72.0,4.0,3,1,0,0,0,1,0
U.S.A,Ecuador,73.0,4.0,3,1,0,0,0,1,0
U.S.A,Tanzania,72.0,4.0,3,1,0,0,0,1,0
U.S.A,Costa rica,70.0,3.0,3,1,0,0,0,1,0
U.S.A,Vietnam,72.0,3.0,3,1,0,0,0,1,0
U.S.A,Venezuela,61.0,3.0,5,1,1,1,0,1,0
U.S.A,Venezuela,77.0,3.0,3,1,0,0,0,1,0
Sao tome,Blend,75.0,4.0,3,1,0,0,0,1,0
Sao tome,Blend,80.0,3.0,3,1,0,0,0,1,0
Sao tome,Blend,73.5,4.0,2,0,0,0,0,1,0
U.S.A,Ecuador,73.0,4.0,2,0,0,0,0,1,0
Canada,Peru,70.0,4.0,3,1,0,0,0,1,0
St. lucia,St. lucia,70.0,2.0,4,1,1,0,0,1,0
U.S.A,Madagascar,75.0,3.0,4,1,1,0,0,1,0
U.S.A,Ecuador,76.0,4.0,2,0,0,0,0,1,0
U.S.A,Vietnam,78.0,3.0,2,0,0,0,0,1,0
Germany,Madagascar,72.0,3.0,3,1,0,0,0,1,0
Germany,Mexico,72.0,3.0,3,1,0,0,0,1,0
Germany,Venezuela,72.0,3.0,3,1,0,0,0,1,0
Germany,Venezuela,70.0,4.0,3,1,0,0,0,1,0
Germany,Venezuela,70.0,4.0,3,1,0,0,0,1,0
Germany,Peru,62.0,3.0,3,1,0,0,0,1,0
Germany,Peru,72.0,3.0,3,1,0,0,0,1,0
Germany,Grenada,72.0,3.0,3,1,0,0,0,1,0
Germany,Jamaica,72.0,3.0,3,1,0,0,0,1,0
Germany,Venezuela,72.0,3.0,3,1,0,0,0,1,0
Germany,Venezuela,70.0,3.0,3,1,0,0,0,1,0
Germany,Trinidad,72.0,3.0,3,1,0,0,0,1,0
Germany,Ecuador,72.0,2.0,3,1,0,0,0,1,0
Germany,Blend,72.0,4.0,3,1,0,0,0,1,0
Germany,Ghana,85.0,4.0,3,1,0,0,0,1,0
Germany,Madagascar,70.0,4.0,3,1,0,0,0,1,0
Germany,Ecuador,65.0,3.0,4,1,0,1,0,1,0
Germany,Ghana,75.0,4.0,3,1,0,0,0,1,0
Australia,Papua new guinea,75.0,4.0,3,1,0,0,0,1,0
Australia,Tanzania,75.0,3.0,3,1,0,0,0,1,0
Australia,Brazil,65.0,3.0,3,1,0,0,0,1,0
Australia,Fiji,67.0,3.0,3,1,0,0,0,1,0
Australia,Vanuatu,64.0,3.0,3,1,0,0,0,1,0
Australia,Vanuatu,83.0,3.0,3,1,0,0,0,1,0
Australia,Papua new guinea,70.0,2.0,3,1,0,0,0,1,0
U.S.A,Ecuador,73.0,4.0,3,1,0,0,0,1,0
U.S.A,Ecuador,85.0,3.0,3,1,0,0,0,1,0
U.S.A,Honduras,70.0,4.0,2,0,0,0,0,1,0
U.S.A,Dominican republic,70.0,3.0,2,0,0,0,0,1,0
U.S.A,Colombia,70.0,3.0,2,0,0,0,0,1,0
Australia,Australia,70.0,3.0,5,1,1,1,0,1,0
Australia,Australia,70.0,3.0,3,1,0,0,0,1,0
U.S.A,Dominican republic,72.0,3.0,2,0,0,0,0,1,0
U.k.,Ecuador,70.0,4.0,3,1,0,0,0,1,0
U.k.,Trinidad,70.0,3.0,3,1,0,0,0,1,0
U.k.,Nicaragua,70.0,3.0,3,1,0,0,0,1,0
U.k.,Grenada,70.0,2.0,3,1,0,0,0,1,0
U.k.,Blend,65.0,2.0,4,1,0,1,0,1,0
U.S.A,Dominican republic,70.0,4.0,2,0,0,0,0,1,0
U.S.A,Colombia,70.0,3.0,2,0,0,0,0,1,0
U.S.A,Costa rica,70.0,3.0,2,0,0,0,0,1,0
U.S.A,Venezuela,70.0,4.0,2,0,0,0,0,1,0
U.S.A,Papua new guinea,70.0,4.0,2,0,0,0,0,1,0
U.S.A,Venezuela,70.0,3.0,2,0,0,0,0,1,0
U.S.A,Venezuela,70.0,3.0,2,0,0,0,0,1,0
U.S.A,Dominican republic,70.0,4.0,2,0,0,0,0,1,0
U.S.A,Belize,70.0,4.0,2,0,0,0,0,1,0
U.S.A,Ecuador,70.0,4.0,2,0,0,0,0,1,0
U.S.A,Liberia,70.0,3.0,2,0,0,0,0,1,0
U.S.A,Belize,70.0,3.0,2,0,0,0,0,1,0
U.S.A,Dominican republic,70.0,4.0,2,0,0,0,0,1,0
U.S.A,Costa rica,70.0,3.0,2,0,0,0,0,1,0
U.S.A,India,70.0,4.0,2,0,0,0,0,1,0
U.S.A,Honduras,70.0,3.0,2,0,0,0,0,1,0
U.S.A,Sierra leone,70.0,3.0,2,0,0,0,0,1,0
U.S.A,Vietnam,70.0,4.0,2,0,0,0,0,1,0
U.S.A,Dominican republic,70.0,3.0,2,0,0,0,0,1,0
U.S.A,Madagascar,70.0,3.0,2,0,0,0,0,1,0
U.S.A,Tanzania,70.0,3.0,2,0,0,0,0,1,0
Guatemala,Guatemala,60.0,3.0,4,1,1,0,0,1,0
Guatemala,Guatemala,75.0,3.0,4,1,1,0,0,1,0
Guatemala,Guatemala,60.0,4.0,4,1,1,0,0,1,0
Guatemala,Guatemala,70.0,4.0,2,0,0,0,0,1,0
Guatemala,Guatemala,70.0,4.0,2,0,0,0,0,1,0
Guatemala,Madagascar,70.0,4.0,2,0,0,0,0,1,0
Guatemala,Guatemala,70.0,3.0,2,0,0,0,0,1,0
Guatemala,Venezuela,75.0,3.0,4,1,1,0,0,1,0
Guatemala,Guatemala,82.0,3.0,4,1,1,0,0,1,0
U.S.A,Blend,70.0,3.0,2,0,0,0,0,1,0
U.S.A,Vietnam,72.0,3.0,2,0,0,0,0,1,0
U.S.A,Venezuela,72.0,3.0,2,0,0,0,0,1,0
Belgium,Vietnam,70.0,3.0,4,1,0,1,0,1,0
Belgium,Peru,72.0,3.0,4,1,0,1,0,1,0
U.S.A,Venezuela,70.0,3.0,3,1,0,0,0,1,0
U.S.A,Ecuador,70.0,3.0,3,1,0,0,0,1,0
U.S.A,Madagascar,70.0,3.0,3,1,0,0,0,1,0
U.S.A,Tanzania,70.0,3.0,3,1,0,0,0,1,0
U.S.A,Bolivia,75.0,3.0,3,1,0,0,0,1,0
U.S.A,Blend,58.0,3.0,4,1,0,1,0,1,0
U.S.A,Dominican republic,70.0,3.0,4,1,0,1,0,1,0
U.S.A,Venezuela,70.0,3.0,4,1,0,1,0,1,0
U.S.A,Ghana,70.0,2.0,4,1,0,1,0,1,0
Brazil,Brazil,72.0,4.0,3,1,0,0,0,1,0
Brazil,Brazil,65.0,4.0,3,1,0,0,0,1,0
South africa,Madagascar,70.0,3.0,3,1,0,0,0,1,0
South africa,Uganda,70.0,2.0,3,1,0,0,0,1,0
U.S.A,Costa rica,64.0,3.0,4,1,1,0,0,1,0
U.S.A,Ecuador,71.0,3.0,4,1,1,0,0,1,0
U.S.A,Ghana,60.0,3.0,4,1,1,0,0,1,0
U.S.A,Papua new guinea,64.0,3.0,4,1,1,0,0,1,0
U.S.A,Peru,64.0,3.0,4,1,1,0,0,1,0
U.S.A,Madagascar,66.0,2.0,4,1,1,0,0,1,0
France,Venezuela,66.0,4.0,4,1,1,0,0,1,0
France,Papua new guinea,64.0,3.0,4,1,1,0,0,1,0
Dominican republic,Dominican republic,80.0,3.0,2,0,0,0,0,1,0
Dominican republic,Dominican republic,70.0,3.0,2,0,0,0,0,1,0
Dominican republic,Dominican republic,70.0,2.0,2,0,0,0,0,1,0
Canada,Tanzania,72.0,2.0,2,0,0,0,0,1,0
Canada,Guatemala,72.0,3.0,2,0,0,0,0,1,0
U.S.A,Costa rica,77.0,4.0,2,0,0,0,0,1,0
U.S.A,Dominican republic,77.0,4.0,2,0,0,0,0,1,0
U.S.A,Bolivia,80.0,3.0,2,0,0,0,0,1,0
U.S.A,Ecuador,70.0,3.0,2,0,0,0,0,1,0
U.S.A,Dominican republic,74.0,3.0,2,0,0,0,0,1,0
U.S.A,Madagascar,80.0,3.0,2,0,0,0,0,1,0
U.S.A,Venezuela,75.0,3.0,2,0,0,0,0,1,0
U.S.A,Bolivia,75.0,3.0,2,0,0,0,0,1,0
U.S.A,Ecuador,76.0,4.0,2,0,0,0,0,1,0
U.S.A,Ecuador,70.0,3.0,2,0,0,0,0,1,0
U.S.A,Dominican republic,74.0,4.0,2,0,0,0,0,1,0
U.S.A,Bolivia,70.0,4.0,2,0,0,0,0,1,0
U.S.A,Vietnam,78.0,4.0,2,0,0,0,0,1,0
U.S.A,Solomon islands,72.0,4.0,2,0,0,0,0,1,0
U.S.A,Guatemala,70.0,4.0,2,0,0,0,0,1,0
U.S.A,Brazil,75.0,4.0,2,0,0,0,0,1,0
U.S.A,Fiji,80.0,4.0,2,0,0,0,0,1,0
U.S.A,Belize,72.0,4.0,2,0,0,0,0,1,0
U.S.A,Madagascar,72.0,4.0,2,0,0,0,0,1,0
U.S.A,Blend,73.0,4.0,2,0,0,0,0,1,0
Sao tome & principe,Sao tome,65.0,3.0,4,1,0,1,0,1,0
Sao tome & principe,Sao tome,75.0,3.0,4,1,0,1,0,1,0
Sao tome & principe,Sao tome,70.0,3.0,4,1,0,1,0,1,0
Sao tome & principe,Sao tome,75.0,2.0,4,1,0,1,0,1,0
U.k.,Nicaragua,72.0,4.0,3,1,0,0,0,1,0
U.k.,Panama,72.0,3.0,3,1,0,0,0,1,0
U.k.,Venezuela,72.0,3.0,3,1,0,0,0,1,0
U.k.,Venezuela,85.0,3.0,3,1,0,0,0,1,0
Belgium,Blend,70.0,2.0,3,0,0,1,0,1,0
Belgium,Blend,88.0,3.0,3,0,0,1,0,1,0
Italy,Venezuela,70.0,4.0,2,0,0,0,0,1,0
Italy,Peru,70.0,3.0,2,0,0,0,0,1,0
Italy,Venezuela,70.0,3.0,2,0,0,0,0,1,0
Italy,Venezuela,70.0,4.0,2,0,0,0,0,1,0
Italy,Ecuador,70.0,4.0,2,0,0,0,0,1,0
Italy,Venezuela,70.0,4.0,2,0,0,0,0,1,0
Italy,Indonesia,70.0,4.0,2,0,0,0,0,1,0
Italy,Madagascar,70.0,4.0,2,0,0,0,0,1,0
Italy,Madagascar,70.0,4.0,2,0,0,0,0,1,0
Italy,Venezuela,75.0,3.0,2,0,0,0,0,1,0
Italy,Venezuela,60.0,3.0,2,0,0,0,0,1,0
Italy,Blend,70.0,4.0,2,0,0,0,0,1,0
Italy,Blend,78.0,4.0,2,0,0,0,0,1,0
Italy,Venezuela,70.0,3.0,2,0,0,0,0,1,0
Italy,Colombia,70.0,3.0,2,0,0,0,0,1,0
Italy,Venezuela,70.0,3.0,2,0,0,0,0,1,0
Italy,Venezuela,70.0,4.0,2,0,0,0,0,1,0
Italy,Venezuela,70.0,4.0,2,0,0,0,0,1,0
Italy,Tanzania,70.0,4.0,2,0,0,0,0,1,0
Italy,Ecuador,70.0,4.0,2,0,0,0,0,1,0
Italy,Venezuela,70.0,4.0,2,0,0,0,0,1,0
Italy,Tanzania,70.0,4.0,2,0,0,0,0,1,0
U.k.,Colombia,80.0,3.0,3,1,0,0,0,1,0
U.k.,Madagascar,77.0,3.0,3,1,0,0,0,1,0
U.k.,Venezuela,70.0,2.0,3,1,0,0,0,1,0
U.k.,Grenada,75.0,3.0,3,1,0,0,0,0,1
U.k.,Guatemala,72.0,4.0,3,1,0,0,0,0,1
U.k.,Peru,80.0,4.0,2,0,0,0,0,0,1
U.k.,Philippines,71.5,3.0,3,1,0,0,0,0,1
U.S.A,Dominican republic,75.0,3.0,2,0,0,0,0,1,0
U.S.A,Tanzania,70.0,3.0,2,0,0,0,0,1,0
U.S.A,Dominican republic,75.0,2.0,2,0,0,0,0,1,0
U.k.,Ecuador,72.0,4.0,3,1,0,0,0,1,0
U.k.,Peru,70.0,4.0,3,1,0,0,0,1,0
U.k.,Panama,70.0,4.0,3,1,0,0,0,1,0
U.k.,Ecuador,70.0,2.0,3,1,0,0,0,1,0
U.k.,Honduras,72.0,4.0,3,1,0,0,0,1,0
U.k.,Dominican republic,65.0,4.0,3,1,0,0,0,1,0
U.k.,Venezuela,71.0,4.0,3,1,0,0,0,1,0
U.k.,Nicaragua,71.0,3.0,3,1,0,0,0,1,0
U.k.,Panama,72.0,3.0,3,1,0,0,0,1,0
U.k.,Venezuela,72.0,4.0,3,1,0,0,0,1,0
U.k.,Nicaragua,76.0,4.0,4,1,0,1,0,1,0
U.k.,Nicaragua,70.0,4.0,4,1,0,1,0,1,0
U.k.,Guatemala,70.0,4.0,4,1,0,1,0,1,0
U.k.,Nigeria,70.0,3.0,4,1,0,1,0,1,0
U.k.,Guatemala,80.0,3.0,4,1,0,1,0,1,0
U.k.,Philippines,70.0,4.0,4,1,0,1,0,1,0
U.S.A,Dominican republic,70.0,3.0,2,0,0,0,0,1,0
U.S.A,Ecuador,70.0,4.0,3,1,0,0,0,1,0
U.S.A,Peru,70.0,4.0,3,1,0,0,0,1,0
U.S.A,Venezuela,70.0,4.0,3,1,0,0,0,1,0
U.S.A,Dominican republic,70.0,3.0,3,1,0,0,0,1,0
U.S.A,Venezuela,70.0,3.0,3,1,0,0,0,1,0
U.S.A,Peru,70.0,4.0,3,1,0,0,0,1,0
Canada,Dominican republic,70.0,4.0,3,1,0,0,0,1,0
Canada,Madagascar,70.0,4.0,3,1,0,0,0,1,0
Canada,Peru,70.0,3.0,3,1,0,0,0,1,0
Canada,Colombia,70.0,3.0,3,1,0,0,0,1,0
Canada,Colombia,70.0,3.0,3,1,0,0,0,1,0
U.S.A,Peru,72.0,3.0,3,1,0,0,0,1,0
U.S.A,Peru,80.0,4.0,2,0,0,0,0,1,0
Germany,Venezuela,68.0,3.0,2,0,0,0,0,1,0
Bolivia,Bolivia,71.0,3.0,4,1,0,1,0,1,0
Bolivia,Bolivia,75.0,4.0,4,1,0,1,0,1,0
Venezuela,Venezuela,70.0,3.0,5,1,1,1,0,1,0
Venezuela,Venezuela,61.0,3.0,5,1,1,1,0,1,0
Venezuela,Venezuela,74.0,2.0,5,1,1,1,0,1,0
Venezuela,Venezuela,58.0,2.0,5,1,1,1,0,1,0
Venezuela,Venezuela,70.0,3.0,5,1,1,1,0,1,0
Venezuela,Venezuela,60.5,3.0,5,1,1,1,0,1,0
Venezuela,Venezuela,70.0,4.0,5,1,1,1,0,1,0
U.S.A,Guatemala,70.0,4.0,3,1,0,0,0,1,0
St. lucia,St. lucia,70.0,3.0,2,0,0,0,0,1,0
St. lucia,St. lucia,60.0,3.0,2,0,0,0,0,1,0
Japan,Peru,78.0,4.0,3,1,0,0,0,1,0
Japan,Venezuela,79.0,3.0,3,1,0,0,0,1,0
France,Haiti,70.0,4.0,2,0,0,0,0,1,0
France,Guatemala,70.0,4.0,2,0,0,0,0,1,0
France,Madagascar,70.0,4.0,2,0,0,0,0,1,0
France,Dominican republic,70.0,3.0,2,0,0,0,0,1,0
U.S.A,Honduras,75.0,3.0,2,0,0,0,0,1,0
U.S.A,Vietnam,72.0,3.0,2,0,0,0,0,1,0
U.S.A,Trinidad,72.0,4.0,3,1,0,0,0,1,0
U.S.A,Tanzania,80.0,3.0,3,1,0,0,0,1,0
U.S.A,Sierra leone,70.0,2.0,3,1,0,0,0,1,0
France,Vietnam,70.0,3.0,3,1,0,0,0,1,0
France,Vietnam,74.0,3.0,3,1,0,0,0,1,0
France,Vietnam,80.0,3.0,3,1,0,0,0,1,0
U.S.A,Venezuela,72.0,3.0,4,1,1,0,0,1,0
U.S.A,Venezuela,81.0,4.0,4,1,1,0,0,1,0
U.S.A,Blend,74.0,3.0,4,1,1,0,0,1,0
U.S.A,Costa rica,65.0,2.0,4,1,1,0,0,1,0
U.S.A,Venezuela,70.0,3.0,4,1,1,0,0,1,0
U.S.A,Blend,62.0,3.0,4,1,1,0,0,1,0
U.S.A,Blend,55.0,2.0,4,1,1,0,0,1,0
U.S.A,Trinidad,55.0,2.0,4,1,1,0,0,1,0
U.S.A,Venezuela,70.0,2.0,4,1,1,0,0,1,0
U.S.A,Blend,62.0,2.0,4,1,1,0,0,1,0
U.S.A,Dominican republic,80.0,4.0,3,1,0,0,0,1,0
U.S.A,Ecuador,80.0,4.0,3,1,0,0,0,1,0
U.S.A,Belize,80.0,3.0,3,1,0,0,0,1,0
U.S.A,Guatemala,80.0,4.0,3,1,0,0,0,1,0
U.S.A,Peru,73.0,3.0,3,1,0,0,0,1,0
U.S.A,Brazil,75.0,3.0,2,0,0,0,0,1,0
Portugal,Jamaica,76.0,3.0,2,0,0,0,0,1,0
Portugal,Belize,76.0,3.0,2,0,0,0,0,1,0
Portugal,Venezuela,76.0,2.0,2,0,0,0,0,1,0
Switzerland,Bolivia,68.0,4.0,5,1,1,1,0,1,0
Switzerland,Ecuador,72.0,4.0,5,1,1,1,0,1,0
Switzerland,Madagascar,64.0,3.0,5,1,1,1,0,1,0
Switzerland,Venezuela,65.0,3.0,5,1,1,1,0,1,0
Switzerland,Dominican republic,74.0,3.0,5,1,1,1,0,1,0
Switzerland,Blend,62.0,2.0,5,1,1,1,0,1,0
Switzerland,Grenada,58.0,4.0,5,1,1,1,0,1,0
U.S.A,Dominican republic,70.0,3.0,3,1,0,0,0,1,0
U.S.A,Dominican republic,80.0,3.0,3,1,0,0,0,1,0
U.S.A,Dominican republic,85.0,2.0,3,1,0,0,0,1,0
U.S.A,Puerto rico,65.0,2.0,3,1,0,0,0,1,0
Canada,Blend,70.0,3.0,3,1,0,0,0,1,0
Canada,Mexico,70.0,3.0,3,1,0,0,0,1,0
Canada,Honduras,70.0,3.0,3,1,0,0,0,1,0
Canada,Colombia,70.0,3.0,3,1,0,0,0,1,0
U.k.,Vanuatu,72.0,4.0,4,1,0,1,0,1,0
U.k.,Papua new guinea,72.0,4.0,4,1,0,1,0,1,0
U.k.,Solomon islands,69.0,4.0,4,1,0,1,0,1,0
U.k.,Philippines,73.0,3.0,4,1,0,1,0,1,0
U.S.A,Dominican republic,75.0,4.0,2,0,0,0,0,1,0
U.S.A,Colombia,75.0,3.0,2,0,0,0,0,1,0
U.S.A,Belize,75.0,3.0,2,0,0,0,0,1,0
U.S.A,Guatemala,75.0,3.0,2,0,0,0,0,1,0
Norway,India,68.0,4.0,3,1,0,0,0,1,0
Norway,Tanzania,70.0,4.0,3,1,0,0,0,1,0
Norway,Madagascar,70.0,3.0,3,1,0,0,0,1,0
U.k.,Peru,72.0,3.0,3,1,0,0,0,0,1
Puerto rico,Dominican republic,70.0,3.0,6,1,1,1,1,1,0
Puerto rico,Dominican republic,80.0,3.0,6,1,1,1,1,1,0
Singapore,Tanzania,67.0,4.0,2,0,0,0,0,1,0
Singapore,Ecuador,75.0,4.0,2,0,0,0,0,1,0
Singapore,Madagascar,70.0,3.0,2,0,0,0,0,1,0
Singapore,Haiti,68.0,4.0,2,0,0,0,0,1,0
Singapore,Philippines,70.0,3.0,2,0,0,0,0,1,0
Singapore,Bolivia,70.0,3.0,2,0,0,0,0,1,0
Singapore,Indonesia,70.0,3.0,2,0,0,0,0,1,0
Singapore,Dominican republic,72.0,3.0,2,0,0,0,0,1,0
Singapore,Madagascar,70.0,4.0,2,0,0,0,0,1,0
Singapore,Mexico,70.0,3.0,2,0,0,0,0,1,0
New zealand,Ecuador,70.0,4.0,2,0,0,0,0,1,0
New zealand,Peru,70.0,4.0,2,0,0,0,0,1,0
New zealand,Tanzania,70.0,3.0,2,0,0,0,0,1,0
New zealand,Papua new guinea,70.0,3.0,2,0,0,0,0,1,0
New zealand,Bolivia,70.0,3.0,2,0,0,0,0,1,0
New zealand,Vanuatu,70.0,3.0,2,0,0,0,0,1,0
New zealand,Colombia,70.0,3.0,2,0,0,0,0,1,0
Venezuela,Venezuela,70.0,4.0,3,1,0,0,0,1,0
Venezuela,Venezuela,60.0,4.0,3,1,0,0,0,1,0
Venezuela,Venezuela,70.0,4.0,3,1,0,0,0,1,0
Venezuela,Venezuela,70.0,4.0,3,1,0,0,0,1,0
Venezuela,Venezuela,72.0,4.0,2,0,0,0,0,1,0
Venezuela,Venezuela,70.0,3.0,3,1,0,0,0,1,0
Venezuela,Venezuela,70.0,3.0,3,1,0,0,0,1,0
Venezuela,Venezuela,85.0,3.0,2,0,0,0,0,1,0
Venezuela,Venezuela,60.0,2.0,4,1,0,1,0,1,0
Belgium,Ghana,60.0,4.0,4,1,0,1,0,1,0
Belgium,Madagascar,65.0,4.0,4,1,0,1,0,1,0
Belgium,Costa rica,70.0,4.0,4,1,0,1,0,1,0
Belgium,Peru,75.0,4.0,4,1,0,1,0,1,0
Belgium,Vietnam,80.0,3.0,4,1,0,1,0,1,0
U.S.A,Peru,70.0,4.0,2,0,0,0,0,1,0
U.S.A,Dominican republic,65.0,4.0,2,0,0,0,0,1,0
U.S.A,Peru,66.0,4.0,2,0,0,0,0,0,1
U.S.A,Peru,70.0,2.0,2,0,0,0,0,1,0
U.S.A,Peru,81.0,2.0,2,0,0,0,0,0,1
U.S.A,Peru,66.0,4.0,2,0,0,0,0,1,0
U.S.A,Nicaragua,68.0,3.0,2,0,0,0,0,1,0
U.S.A,Costa rica,80.0,3.0,2,0,0,0,0,1,0
U.S.A,Guatemala,73.0,4.0,2,0,0,0,0,1,0
U.S.A,Peru,70.0,4.0,2,0,0,0,0,1,0
U.S.A,India,71.0,3.0,3,1,0,0,0,1,0
U.S.A,Venezuela,65.0,4.0,3,1,0,0,0,1,0
U.S.A,Jamaica,70.0,3.0,3,1,0,0,0,1,0
U.S.A,Jamaica,70.0,3.0,3,1,0,0,0,1,0
U.S.A,Jamaica,80.0,3.0,3,1,0,0,0,1,0
U.S.A,Venezuela,70.0,4.0,3,1,0,0,0,1,0
U.S.A,Dominican republic,72.0,4.0,3,1,0,0,0,1,0
U.S.A,Jamaica,70.0,4.0,3,1,0,0,0,1,0
U.S.A,Jamaica,70.0,3.0,3,1,0,0,0,1,0
U.S.A,Dominican republic,72.0,3.0,3,1,0,0,0,1,0
U.S.A,Venezuela,76.0,3.0,3,1,0,0,0,1,0
U.S.A,Madagascar,74.0,3.0,3,1,0,0,0,1,0
U.S.A,Ghana,74.0,3.0,3,1,0,0,0,1,0
U.S.A,Madagascar,74.0,3.0,3,1,0,0,0,1,0
U.S.A,Madagascar,74.0,4.0,3,1,0,0,0,1,0
U.S.A,Papua new guinea,69.0,4.0,2,0,0,0,0,1,0
U.S.A,Papua new guinea,69.0,4.0,2,0,0,0,0,1,0
U.S.A,Papua new guinea,69.0,4.0,2,0,0,0,0,1,0
U.S.A,Papua new guinea,69.0,3.0,2,0,0,0,0,1,0
U.S.A,Peru,70.0,4.0,3,1,0,0,0,1,0
U.S.A,Dominican republic,72.0,4.0,3,1,0,0,0,1,0
U.S.A,Peru,70.0,4.0,3,1,0,0,0,1,0
U.S.A,Dominican republic,72.0,3.0,3,1,0,0,0,1,0
U.S.A,Peru,70.0,4.0,3,1,0,0,0,1,0
U.S.A,Peru,70.0,4.0,3,1,0,0,0,1,0
U.S.A,Peru,70.0,4.0,3,1,0,0,0,1,0
U.S.A,Peru,70.0,3.0,3,1,0,0,0,1,0
U.S.A,Guatemala,70.0,4.0,3,1,0,0,0,1,0
U.S.A,Guatemala,70.0,4.0,3,1,0,0,0,1,0
U.S.A,Guatemala,70.0,4.0,3,1,0,0,0,1,0
U.S.A,Venezuela,72.0,4.0,3,1,0,0,0,1,0
U.S.A,Venezuela,72.0,3.0,3,1,0,0,0,1,0
U.S.A,Tanzania,70.0,4.0,2,0,0,0,0,1,0
U.S.A,Brazil,70.0,4.0,2,0,0,0,0,1,0
U.S.A,Peru,70.0,4.0,2,0,0,0,0,1,0
U.S.A,Belize,70.0,4.0,2,0,0,0,0,1,0
U.S.A,Madagascar,70.0,4.0,2,0,0,0,0,1,0
Denmark,Nicaragua,70.0,4.0,2,0,0,0,0,1,0
Denmark,Nicaragua,70.0,4.0,3,1,0,0,0,1,0
Denmark,Guatemala,70.0,4.0,3,1,0,0,0,1,0
Denmark,Nicaragua,70.0,4.0,3,1,0,0,0,1,0
Denmark,Nicaragua,70.0,4.0,3,1,0,0,0,1,0
Denmark,Nicaragua,70.0,4.0,3,1,0,0,0,1,0
Denmark,Nicaragua,70.0,4.0,3,1,0,0,0,1,0
Denmark,Nicaragua,68.0,4.0,3,1,0,0,0,1,0
Denmark,Nicaragua,70.0,4.0,3,1,0,0,0,1,0
Denmark,Nicaragua,70.0,3.0,3,1,0,0,0,1,0
Denmark,Nicaragua,70.0,3.0,3,1,0,0,0,1,0
Denmark,Nicaragua,60.0,3.0,3,1,0,0,0,1,0
Denmark,Nicaragua,70.0,3.0,3,1,0,0,0,1,0
Denmark,Nicaragua,70.0,4.0,3,1,0,0,0,1,0
Denmark,Nicaragua,70.0,4.0,3,1,0,0,0,1,0
Denmark,Nicaragua,70.0,3.0,3,1,0,0,0,1,0
Denmark,Nicaragua,70.0,4.0,3,1,0,0,0,1,0
Denmark,Nicaragua,70.0,3.0,3,1,0,0,0,1,0
Denmark,Honduras,70.0,3.0,3,1,0,0,0,1,0
Denmark,Nicaragua,70.0,3.0,3,1,0,0,0,1,0
Denmark,Nicaragua,70.0,4.0,3,1,0,0,0,1,0
Denmark,Nicaragua,70.0,3.0,3,1,0,0,0,1,0
Denmark,Nicaragua,70.0,4.0,3,1,0,0,0,1,0
Denmark,Nicaragua,85.0,3.0,3,1,0,0,0,1,0
Denmark,Nicaragua,60.0,3.0,3,1,0,0,0,1,0
U.S.A,Costa rica,66.0,3.0,3,1,0,0,0,1,0
U.S.A,Costa rica,70.0,3.0,3,1,0,0,0,1,0
U.S.A,Peru,70.0,2.0,3,1,0,0,0,1,0
U.S.A,Dominican republic,70.0,4.0,3,1,0,0,0,1,0
U.S.A,Ecuador,75.0,3.0,3,1,0,0,0,1,0
U.S.A,Trinidad,70.0,4.0,3,1,0,0,0,1,0
U.S.A,Peru,76.0,3.0,3,1,0,0,0,1,0
U.S.A,Costa rica,74.0,4.0,2,0,0,0,0,1,0
U.S.A,Bolivia,74.0,4.0,2,0,0,0,0,1,0
U.S.A,Madagascar,74.0,4.0,2,0,0,0,0,1,0
U.S.A,Colombia,85.0,4.0,2,0,0,0,0,1,0
Taiwan,Venezuela,70.0,4.0,3,1,0,0,0,1,0
Taiwan,Madagascar,70.0,3.0,2,0,0,0,0,1,0
Taiwan,Tanzania,70.0,3.0,2,0,0,0,0,1,0
Taiwan,Taiwan,70.0,2.0,3,1,0,0,0,1,0
U.S.A,U.s.a.,85.0,2.0,3,0,1,0,0,1,0
Germany,Ghana,70.0,4.0,4,1,0,1,0,1,0
Germany,Dominican republic,70.0,4.0,4,1,0,1,0,1,0
Germany,Dominican republic,80.0,4.0,4,1,0,1,0,1,0
Germany,Madagascar,75.0,4.0,4,1,0,1,0,1,0
Germany,Madagascar,65.0,3.0,4,1,0,1,0,1,0
Germany,St. lucia,77.0,4.0,3,1,0,0,0,1,0
Germany,Venezuela,75.0,4.0,3,1,0,0,0,1,0
Germany,Guatemala,72.0,3.0,3,1,0,0,0,1,0
Germany,Venezuela,75.0,3.0,3,1,0,0,0,1,0
U.S.A,Brazil,66.0,3.0,2,0,0,0,0,1,0
U.S.A,Belize,70.0,4.0,2,0,0,0,0,1,0
U.S.A,Venezuela,70.0,3.0,2,0,0,0,0,1,0
U.S.A,Costa rica,73.0,3.0,3,1,0,0,0,1,0
U.S.A,Colombia,73.0,2.0,3,1,0,0,0,1,0
U.S.A,Guatemala,77.0,3.0,3,1,0,0,0,1,0
U.S.A,Nicaragua,77.0,3.0,3,1,0,0,0,1,0
U.S.A,Mexico,77.0,3.0,3,1,0,0,0,1,0
U.S.A,Peru,70.0,3.0,3,1,0,0,0,1,0
U.S.A,Belize,70.0,3.0,2,0,0,0,0,1,0
Vietnam,Vietnam,72.0,3.0,5,1,1,1,0,1,0
U.k.,Blend,70.0,2.0,5,1,1,1,0,1,0
Japan,Madagascar,70.0,4.0,2,0,0,0,0,1,0
Japan,Peru,73.0,2.0,2,0,0,0,0,1,0
Grenada,Grenada,71.0,2.0,5,1,1,1,0,1,0
Grenada,Grenada,60.0,3.0,5,1,1,1,0,1,0
Grenada,Grenada,82.0,3.0,5,1,1,1,0,1,0
Italy,Blend,64.0,3.0,4,1,0,1,0,1,0
Italy,Ecuador,64.0,3.0,4,1,0,1,0,1,0
Italy,Ghana,64.0,3.0,4,1,0,1,0,1,0
Italy,Blend,64.0,3.0,4,1,0,1,0,1,0
Italy,Venezuela,76.0,3.0,4,1,0,1,0,1,0
Italy,Madagascar,70.0,3.0,4,1,0,1,0,1,0
U.S.A,Madagascar,65.0,4.0,5,1,1,1,0,1,0
U.S.A,Ecuador,65.0,4.0,5,1,1,1,0,1,0
U.S.A,Blend,61.0,4.0,5,1,1,1,0,1,0
U.S.A,Colombia,65.0,3.0,5,1,1,1,0,1,0
U.S.A,Blend,61.0,3.0,5,1,1,1,0,1,0
U.S.A,Venezuela,65.0,2.0,5,1,1,1,0,1,0
U.S.A,Blend,72.0,4.0,5,1,1,1,0,1,0
U.S.A,Venezuela,65.0,4.0,5,1,1,1,0,1,0
U.S.A,Peru,65.0,3.0,5,1,1,1,0,1,0
U.S.A,Blend,64.0,3.0,5,1,1,1,0,1,0
U.S.A,Blend,70.0,4.0,5,1,1,1,0,1,0
U.S.A,U.s.a.,55.0,3.0,5,1,1,1,0,1,0
U.S.A,Blend,91.0,3.0,5,1,1,1,0,1,0
U.S.A,Trinidad,65.0,3.0,5,1,1,1,0,1,0
U.S.A,Blend,61.0,3.0,5,1,1,1,0,1,0
U.S.A,Blend,72.0,3.0,5,1,1,1,0,1,0
U.S.A,Blend,72.0,3.0,5,1,1,1,0,1,0
U.S.A,Ecuador,65.0,4.0,5,1,1,1,0,1,0
U.S.A,Jamaica,65.0,3.0,5,1,1,1,0,1,0
U.S.A,Haiti,65.0,3.0,5,1,1,1,0,1,0
U.S.A,Nicaragua,65.0,3.0,5,1,1,1,0,1,0
U.S.A,Blend,70.0,4.0,5,1,1,1,0,1,0
Canada,Blend,70.0,4.0,3,1,0,0,0,1,0
Canada,Dominican republic,75.0,3.0,3,1,0,0,0,1,0
Canada,U.s.a.,66.0,3.0,3,1,0,0,0,1,0
Canada,Blend,70.0,3.0,3,1,0,0,0,1,0
Canada,Blend,80.0,3.0,3,1,0,0,0,1,0
Canada,Papua new guinea,80.0,3.0,3,1,0,0,0,1,0
Canada,Blend,74.0,3.0,3,1,0,0,0,1,0
Canada,Blend,65.0,3.0,3,1,0,0,0,1,0
Germany,Ecuador,77.0,2.0,4,1,1,0,0,1,0
Ecuador,Ecuador,70.0,3.0,4,1,0,1,0,1,0
Ecuador,Ecuador,55.0,3.0,4,1,0,1,0,1,0
U.S.A,Brazil,77.0,4.0,3,1,0,0,0,1,0
U.S.A,Brazil,74.0,4.0,3,1,0,0,0,1,0
U.S.A,Brazil,67.0,3.0,3,1,0,0,0,1,0
U.S.A,Brazil,85.0,3.0,3,1,0,0,0,1,0
U.S.A,Brazil,75.0,3.0,3,1,0,0,0,1,0
U.k.,Vietnam,70.0,3.0,3,1,0,0,0,1,0
U.k.,India,70.0,3.0,3,1,0,0,0,1,0
U.S.A,Dominican republic,70.0,4.0,3,1,0,0,0,1,0
U.S.A,Tanzania,72.0,3.0,3,1,0,0,0,1,0
U.S.A,Peru,65.0,3.0,3,1,0,0,0,1,0
Germany,Peru,64.0,3.0,3,0,0,1,0,1,0
Netherlands,Venezuela,71.0,3.0,4,1,0,1,0,1,0
Netherlands,Indonesia,71.0,2.0,4,1,0,1,0,1,0
Netherlands,Blend,71.0,2.0,4,1,0,1,0,1,0
U.S.A,Belize,70.0,3.0,3,1,0,0,0,1,0
U.S.A,Costa rica,74.0,4.0,3,1,0,0,0,1,0
U.S.A,Ecuador,67.0,4.0,3,1,0,0,0,1,0
U.S.A,U.s.a.,67.0,4.0,3,1,0,0,0,1,0
U.S.A,Bolivia,67.0,4.0,3,1,0,0,0,1,0
U.S.A,Bolivia,67.0,3.0,3,1,0,0,0,1,0
U.S.A,U.s.a.,72.0,4.0,3,1,0,0,0,1,0
U.S.A,Ecuador,70.0,4.0,3,1,0,0,0,1,0
U.S.A,Ecuador,77.0,4.0,3,1,0,0,0,1,0
U.S.A,Bolivia,72.0,4.0,3,1,0,0,0,1,0
U.S.A,Bolivia,68.0,4.0,3,1,0,0,0,1,0
U.S.A,Venezuela,74.0,4.0,3,1,0,0,0,1,0
U.S.A,Uganda,57.0,3.0,3,1,0,0,0,1,0
U.S.A,Ecuador,73.0,3.0,2,0,0,0,0,0,1
U.S.A,Peru,70.0,3.0,2,0,0,0,0,0,1
U.S.A,Madagascar,74.0,3.0,2,0,0,0,0,0,1
U.S.A,Venezuela,70.0,3.0,2,0,0,0,0,0,1
U.S.A,Tanzania,70.0,3.0,2,0,0,0,0,0,1
U.S.A,Dominican republic,71.0,4.0,2,0,0,0,0,0,1
U.S.A,Tanzania,70.0,3.0,2,0,0,0,0,0,1
U.S.A,Madagascar,74.0,3.0,2,0,0,0,0,0,1
U.S.A,Ecuador,73.0,2.0,2,0,0,0,0,0,1
U.S.A,Peru,70.0,2.0,2,0,0,0,0,0,1
New zealand,Peru,66.0,4.0,3,1,0,0,0,1,0
New zealand,Dominican republic,75.0,3.0,3,1,0,0,0,1,0
New zealand,Madagascar,70.0,3.0,3,1,0,0,0,1,0
New zealand,Venezuela,72.0,3.0,3,1,0,0,0,1,0
New zealand,Ecuador,85.0,4.0,3,1,0,0,0,1,0
New zealand,Venezuela,68.0,3.0,3,1,0,0,0,1,0
Ecuador,Ecuador,58.0,4.0,4,1,0,1,0,1,0
Ecuador,Ecuador,58.0,3.0,4,1,0,1,0,1,0
Ecuador,Ecuador,72.0,3.0,2,0,0,0,0,1,0
Ecuador,Ecuador,80.0,2.0,2,0,0,0,0,1,0
Ecuador,Ecuador,80.0,2.0,4,1,0,1,0,1,0
Israel,Dominican republic,75.0,4.0,2,0,0,0,0,1,0
Israel,Peru,70.0,4.0,2,0,0,0,0,1,0
Israel,Dominican republic,70.0,3.0,2,0,0,0,0,1,0
Israel,Ivory coast,70.0,2.0,2,0,0,0,0,1,0
Israel,Ecuador,70.0,4.0,4,1,0,1,0,1,0
Israel,Madagascar,70.0,4.0,4,1,0,1,0,1,0
Israel,Trinidad,70.0,4.0,4,1,0,1,0,1,0
Israel,Venezuela,70.0,4.0,4,1,0,1,0,1,0
Israel,Peru,70.0,3.0,4,1,0,1,0,1,0
South africa,Ecuador,72.0,2.0,2,0,0,0,0,0,1
U.k.,St. lucia,70.0,4.0,2,0,0,0,0,1,0
U.k.,St. lucia,70.0,3.0,2,0,0,0,0,1,0
U.k.,Colombia,75.0,3.0,4,1,0,1,0,1,0
U.k.,Honduras,72.0,3.0,4,1,0,1,0,1,0
U.k.,Tanzania,80.0,3.0,4,1,0,1,0,1,0
U.k.,St. lucia,72.0,3.0,3,1,0,0,0,1,0
U.k.,Sao tome,72.0,3.0,4,1,0,1,0,1,0
U.k.,Tanzania,75.0,3.0,4,1,0,1,0,1,0
U.k.,Venezuela,70.0,3.0,4,1,0,1,0,1,0
U.k.,St. lucia,65.0,3.0,4,1,0,1,0,1,0
U.k.,Ecuador,80.0,3.0,4,1,0,1,0,1,0
U.k.,St. lucia,65.0,3.0,4,1,0,1,0,1,0
U.k.,Madagascar,66.0,4.0,4,0,1,1,0,1,0
U.k.,Vietnam,80.0,4.0,4,1,0,1,0,1,0
U.k.,Ecuador,82.0,4.0,2,0,0,0,0,1,0
U.k.,Trinidad,75.0,3.0,4,1,0,1,0,1,0
U.k.,Ecuador,90.0,3.0,2,0,0,0,0,1,0
U.k.,Madagascar,72.0,3.0,4,1,0,1,0,1,0
U.k.,Ecuador,100.0,2.0,1,0,0,0,0,0,0
Canada,Venezuela,70.0,4.0,3,1,0,0,0,1,0
Canada,Venezuela,70.0,3.0,3,1,0,0,0,1,0
Canada,Dominican republic,70.0,4.0,3,1,0,0,0,1,0
Canada,Dominican republic,70.0,4.0,3,1,0,0,0,1,0
Canada,Bolivia,70.0,3.0,3,1,0,0,0,1,0
Canada,Bolivia,70.0,3.0,3,1,0,0,0,1,0
Canada,Nicaragua,70.0,3.0,3,1,0,0,0,1,0
Canada,Vietnam,70.0,4.0,3,1,0,0,0,1,0
Switzerland,Venezuela,74.0,4.0,3,1,0,0,0,1,0
Switzerland,Venezuela,70.0,4.0,3,1,0,0,0,1,0
Switzerland,Venezuela,72.0,4.0,3,1,0,0,0,1,0
Switzerland,Venezuela,72.0,4.0,3,1,0,0,0,1,0
Switzerland,Venezuela,72.0,4.0,3,1,0,0,0,1,0
Switzerland,Venezuela,72.0,4.0,3,1,0,0,0,1,0
Switzerland,Venezuela,72.0,4.0,3,1,0,0,0,1,0
Switzerland,Venezuela,72.0,4.0,3,1,0,0,0,1,0
Switzerland,Venezuela,72.0,3.0,3,1,0,0,0,1,0
Switzerland,Venezuela,72.0,4.0,3,1,0,0,0,1,0
India,India,61.0,2.0,4,1,0,1,0,1,0
U.S.A,Dominican republic,70.0,3.0,3,1,0,0,0,0,1
U.S.A,Dominican republic,70.0,3.0,3,1,0,0,0,0,1
U.S.A,Honduras,77.0,3.0,3,1,0,0,0,1,0
U.S.A,Vietnam,72.0,3.0,3,1,0,0,0,1,0
Scotland,Peru,72.0,3.0,4,1,0,1,0,0,1
Scotland,Peru,72.0,3.0,4,1,0,1,0,0,1
U.S.A,Madagascar,72.0,4.0,2,0,0,0,0,1,0
U.S.A,Belize,72.0,3.0,2,0,0,0,0,1,0
U.S.A,Dominican republic,72.0,3.0,2,0,0,0,0,1,0
U.S.A,Peru,72.0,2.0,2,0,0,0,0,1,0
St.vincent-grenadines,St.vincent-grenadines,72.0,3.0,4,1,0,1,0,1,0
U.S.A,Belize,70.0,4.0,2,0,0,0,0,1,0
U.S.A,Dominican republic,70.0,3.0,2,0,0,0,0,1,0
U.S.A,Ghana,71.0,2.0,5,1,1,1,0,1,0
U.S.A,Venezuela,72.0,3.0,3,1,0,0,0,1,0
U.S.A,Ecuador,78.0,4.0,4,1,0,1,0,1,0
U.S.A,Venezuela,72.0,4.0,3,1,0,0,0,1,0
U.S.A,Vietnam,65.0,4.0,4,1,0,1,0,1,0
U.S.A,Ecuador,70.0,4.0,4,1,0,1,0,1,0
U.S.A,Madagascar,68.0,4.0,5,1,1,1,0,1,0
U.S.A,Jamaica,67.0,3.0,4,1,0,1,0,1,0
U.S.A,Peru,75.0,3.0,4,1,0,1,0,1,0
U.S.A,Colombia,73.0,3.0,4,1,0,1,0,1,0
U.S.A,Trinidad,80.0,3.0,4,1,0,1,0,1,0
U.S.A,India,66.0,3.0,4,1,0,1,0,1,0
Czech republic,Madagascar,63.0,3.0,2,0,0,0,0,1,0
Czech republic,Venezuela,75.0,3.0,3,1,0,0,0,1,0
Thailand,Thailand,70.0,4.0,3,1,0,0,0,1,0
Thailand,Thailand,70.0,4.0,3,1,0,0,0,1,0
Thailand,Thailand,70.0,4.0,3,1,0,0,0,1,0
Thailand,Thailand,70.0,3.0,3,1,0,0,0,1,0
Dominican republic,Dominican republic,70.0,4.0,5,1,1,1,0,1,0
Dominican republic,Dominican republic,55.0,3.0,5,1,1,1,0,1,0
Dominican republic,Dominican republic,62.0,3.0,5,1,1,1,0,1,0
Dominican republic,Dominican republic,82.0,3.0,5,1,1,1,0,1,0
Dominican republic,Dominican republic,68.0,4.0,4,1,0,1,0,1,0
U.S.A,Dominican republic,65.0,4.0,4,1,0,1,0,1,0
Dominican republic,Dominican republic,71.5,4.0,3,1,0,0,0,1,0
Dominican republic,Dominican republic,70.0,3.0,3,1,0,0,0,1,0
U.S.A,Dominican republic,72.0,3.0,4,1,0,1,0,1,0
Spain,Tanzania,75.0,3.0,3,1,0,0,0,1,0
Spain,Nicaragua,75.0,3.0,3,1,0,0,0,1,0
Spain,Peru,75.0,3.0,3,1,0,0,0,1,0
Ecuador,Ecuador,70.0,4.0,4,1,1,0,0,1,0
Ecuador,Ecuador,70.0,3.0,4,1,1,0,0,1,0
Ecuador,Ecuador,85.0,3.0,4,1,1,0,0,1,0
Ecuador,Ecuador,85.0,3.0,4,1,1,0,0,1,0
Ecuador,Ecuador,75.0,3.0,4,1,1,0,0,1,0
Ecuador,Ecuador,85.0,3.0,4,1,1,0,0,1,0
Ecuador,Ecuador,85.0,2.0,4,1,1,0,0,1,0
Ecuador,Ecuador,75.0,2.0,4,1,1,0,0,1,0
U.S.A,Dominican republic,70.0,4.0,3,1,0,0,0,1,0
Mexico,Mexico,72.0,2.0,5,1,1,1,0,1,0
Canada,Colombia,70.0,3.0,3,1,0,0,0,1,0
U.S.A,Dominican republic,60.0,3.0,2,0,0,0,0,1,0
Netherlands,Mexico,70.0,3.0,2,0,0,0,0,1,0
Netherlands,Belize,70.0,3.0,2,0,0,0,0,1,0
Netherlands,Vietnam,70.0,3.0,2,0,0,0,0,1,0
Netherlands,Mexico,70.0,4.0,2,0,0,0,0,1,0
Netherlands,Philippines,70.0,3.0,2,0,0,0,0,1,0
Netherlands,Madagascar,70.0,3.0,2,0,0,0,0,1,0
Netherlands,Papua new guinea,70.0,3.0,2,0,0,0,0,1,0
Netherlands,Colombia,70.0,3.0,2,0,0,0,0,1,0
U.S.A,Madagascar,72.0,3.0,3,1,0,0,0,1,0
U.S.A,Belize,90.0,3.0,2,0,0,0,0,1,0
U.S.A,Dominican republic,72.0,3.0,3,1,0,0,0,1,0
U.S.A,Dominican republic,72.0,3.0,3,1,0,0,0,1,0
U.S.A,Belize,72.0,3.0,3,1,0,0,0,1,0
U.S.A,Venezuela,72.0,3.0,3,1,0,0,0,1,0
U.S.A,Peru,72.0,2.0,2,0,0,0,0,1,0
U.S.A,Brazil,70.0,4.0,4,1,0,1,0,1,0
U.S.A,Ecuador,70.0,4.0,4,1,0,1,0,1,0
U.S.A,Haiti,70.0,3.0,4,1,0,1,0,1,0
U.S.A,Peru,70.0,3.0,4,1,0,1,0,1,0
U.S.A,Dominican republic,72.5,3.0,5,1,1,0,1,1,0
U.S.A,Madagascar,72.5,3.0,5,1,1,0,1,1,0
U.S.A,Uganda,72.5,2.0,5,1,1,0,1,1,0
U.S.A,Ecuador,72.5,2.0,5,1,1,0,1,1,0
U.S.A,Madagascar,64.0,4.0,5,1,1,1,0,1,0
U.S.A,Bolivia,68.0,3.0,5,1,1,1,0,1,0
U.S.A,Dominican republic,74.0,4.0,5,1,1,1,0,1,0
U.S.A,Grenada,75.0,3.0,5,1,1,1,0,1,0
U.S.A,Venezuela,71.0,3.0,5,1,1,1,0,1,0
U.S.A,Ecuador,74.0,4.0,5,1,1,1,0,1,0
U.S.A,Brazil,70.0,4.0,5,1,1,1,0,1,0
U.S.A,Venezuela,68.0,4.0,5,1,1,1,0,1,0
U.S.A,Peru,74.0,3.0,5,1,1,1,0,1,0
U.S.A,Fiji,68.0,3.0,3,1,0,0,0,1,0
U.S.A,Belize,70.0,3.0,4,1,0,1,0,1,0
U.S.A,Guatemala,70.0,3.0,2,0,0,0,0,1,0
U.S.A,Dominican republic,70.0,3.0,2,0,0,0,0,1,0
U.S.A,Peru,75.0,3.0,2,0,0,0,0,1,0
France,Belize,70.0,4.0,2,0,0,0,0,1,0
France,Guatemala,70.0,4.0,2,0,0,0,0,1,0
France,Peru,72.0,4.0,2,0,0,0,0,1,0
France,Blend,74.0,4.0,4,1,0,1,0,1,0
France,Blend,60.0,4.0,4,1,0,1,0,1,0
France,Venezuela,69.0,4.0,4,1,0,1,0,1,0
France,Ghana,68.0,3.0,4,1,0,1,0,1,0
France,Blend,60.0,3.0,4,1,0,1,0,1,0
France,Grenada,68.0,4.0,4,1,0,1,0,1,0
France,Dominican republic,66.0,4.0,4,1,0,1,0,1,0
France,Tobago,60.0,3.0,4,1,0,1,0,1,0
France,Ecuador,56.0,3.0,4,1,0,1,0,1,0
France,Blend,74.0,3.0,4,1,0,1,0,1,0
Mexico,Mexico,70.0,4.0,2,0,0,0,0,1,0
Mexico,Mexico,70.0,4.0,2,0,0,0,0,1,0
Mexico,Mexico,70.0,3.0,2,0,0,0,0,1,0
France,Cuba,70.0,3.0,4,1,0,1,0,1,0
France,Blend,68.0,3.0,4,1,0,1,0,1,0
France,Vietnam,75.0,4.0,4,1,0,1,0,1,0
France,Sao tome,75.0,4.0,4,1,0,1,0,1,0
France,Peru,75.0,3.0,4,1,0,1,0,1,0
France,Brazil,75.0,3.0,4,1,0,1,0,1,0
France,Cuba,75.0,3.0,4,1,0,1,0,1,0
France,Ivory coast,75.0,3.0,4,1,0,1,0,1,0
France,Madagascar,75.0,3.0,4,1,0,1,0,1,0
France,Vietnam,75.0,3.0,4,1,0,1,0,1,0
U.S.A,Venezuela,75.0,3.0,5,1,1,1,0,1,0
U.S.A,Venezuela,75.0,3.0,5,1,1,1,0,1,0
U.S.A,Blend,72.0,3.0,5,1,1,1,0,1,0
U.S.A,Nicaragua,80.0,4.0,2,0,0,0,0,1,0
U.k.,Nicaragua,73.0,4.0,3,1,0,0,0,1,0
U.k.,Honduras,70.0,3.0,3,1,0,0,0,1,0
U.k.,Nicaragua,71.0,3.0,3,1,0,0,0,1,0
U.S.A,Bolivia,74.0,4.0,3,1,0,0,0,1,0
Belgium,Peru,70.0,4.0,3,1,0,0,0,1,0
Belgium,Costa rica,70.0,3.0,3,1,0,0,0,1,0
Belgium,Colombia,70.0,3.0,3,1,0,0,0,1,0
U.S.A,Peru,70.0,4.0,2,0,0,0,0,1,0
U.S.A,Trinidad,70.0,4.0,2,0,0,0,0,1,0
U.S.A,Tanzania,70.0,4.0,2,0,0,0,0,1,0
U.S.A,Bolivia,70.0,3.0,2,0,0,0,0,1,0
U.S.A,Dominican republic,70.0,3.0,2,0,0,0,0,1,0
U.S.A,Costa rica,70.0,3.0,2,0,0,0,0,1,0
U.S.A,Liberia,70.0,3.0,2,0,0,0,0,1,0
U.S.A,Peru,70.0,4.0,3,1,0,0,0,1,0
U.S.A,Honduras,70.0,4.0,2,0,0,0,0,1,0
U.S.A,Belize,70.0,3.0,2,0,0,0,0,1,0
U.S.A,Ghana,70.0,4.0,3,1,0,0,0,1,0
U.S.A,Jamaica,70.0,3.0,3,1,0,0,0,1,0
U.S.A,Bolvia,70.0,3.0,3,1,0,0,0,1,0
Finland,Madagascar,71.0,4.0,3,1,0,0,0,1,0
Finland,Madagascar,70.0,3.0,2,0,0,0,0,1,0
U.S.A,Peru,68.0,4.0,2,0,0,0,0,1,0
U.S.A,Peru,65.0,4.0,2,0,0,0,0,1,0
U.S.A,Bolivia,68.0,4.0,2,0,0,0,0,1,0
U.S.A,Bolivia,68.0,4.0,2,0,0,0,0,1,0
U.S.A,Dominican republic,74.0,3.0,2,0,0,0,0,1,0
U.S.A,Blend,75.0,3.0,2,0,0,0,0,1,0
Switzerland,Blend,85.0,3.0,4,1,1,0,0,1,0
Puerto rico,Puerto rico,65.0,2.0,5,1,1,1,0,1,0
U.S.A,U.s.a.,70.0,4.0,4,1,1,0,0,1,0
U.S.A,U.s.a.,71.0,3.0,4,1,1,0,0,1,0
U.S.A,U.s.a.,72.0,3.0,4,1,1,0,0,1,0
U.S.A,U.s.a.,70.0,4.0,2,0,0,0,0,1,0
U.S.A,U.s.a.,75.0,4.0,4,1,1,0,0,1,0
U.S.A,U.s.a.,65.0,3.0,4,1,1,0,0,1,0
U.S.A,Nicaragua,75.0,2.0,2,0,0,0,0,1,0
Taiwan,Nicaragua,78.0,4.0,2,0,0,0,0,1,0
Taiwan,Nicaragua,80.0,3.0,2,0,0,0,0,1,0
Taiwan,Sumatra,70.0,3.0,2,0,0,0,0,1,0
Taiwan,Nicaragua,75.0,2.0,2,0,0,0,0,1,0
Brazil,Brazil,81.0,3.0,2,0,0,0,0,1,0
Brazil,Brazil,70.0,3.0,2,0,0,0,0,1,0
Colombia,Colombia,65.0,4.0,5,1,1,1,0,1,0
Colombia,Blend,60.0,3.0,5,1,1,1,0,1,0
Colombia,Blend,58.0,3.0,5,1,1,1,0,1,0
Colombia,Blend,46.0,3.0,5,1,1,1,0,1,0
U.S.A,Ghana,75.0,3.0,3,1,0,0,0,1,0
U.S.A,Uganda,75.0,2.0,3,1,0,0,0,1,0
Madagascar,Madagascar,63.0,4.0,5,1,1,1,0,1,0
Madagascar,Madagascar,70.0,4.0,5,1,1,1,0,1,0
Madagascar,Madagascar,67.0,4.0,5,1,1,1,0,1,0
Madagascar,Madagascar,75.0,4.0,5,1,1,1,0,1,0
U.S.A,Mexico,72.0,3.0,4,1,1,0,0,1,0
U.S.A,Costa rica,70.0,3.0,4,1,1,0,0,1,0
U.S.A,Dominican republic,70.0,2.0,4,1,1,0,0,1,0
U.S.A,U.s.a.,70.0,4.0,4,1,1,0,0,1,0
U.S.A,U.s.a.,70.0,3.0,4,1,1,0,0,1,0
U.S.A,U.s.a.,70.0,3.0,4,1,1,0,0,1,0
U.S.A,Brazil,70.0,4.0,4,1,1,0,0,1,0
U.S.A,Puerto rico,70.0,3.0,4,1,1,0,0,1,0
U.S.A,U.s.a.,70.0,3.0,4,1,1,0,0,1,0
U.S.A,Mexico,70.0,3.0,4,1,1,0,0,1,0
U.S.A,Solomon islands,73.0,4.0,2,0,0,0,0,1,0
Italy,Dominican republic,70.0,4.0,5,1,1,1,0,1,0
Italy,Cuba,70.0,3.0,5,1,1,1,0,1,0
Italy,Ecuador,70.0,3.0,4,0,1,1,0,1,0
Italy,Tanzania,75.0,2.0,4,1,1,0,0,1,0
Italy,Ecuador,70.0,2.0,4,1,0,1,0,1,0
Madagascar,Madagascar,73.0,4.0,4,1,0,1,0,1,0
Madagascar,Madagascar,75.0,3.0,4,1,0,1,0,1,0
Philippines,Philippines,65.0,4.0,5,1,1,1,0,1,0
Thailand,Thailand,70.0,3.0,3,1,0,0,0,0,1
U.S.A,U.s.a.,55.0,3.0,5,1,1,1,0,1,0
U.S.A,U.s.a.,55.0,4.0,5,1,1,1,0,1,0
Sweden,Venezuela,70.0,3.0,3,1,0,0,0,1,0
U.S.A,Dominican republic,74.0,4.0,3,1,0,0,0,1,0
U.S.A,Venezuela,74.0,3.0,3,1,0,0,0,1,0
U.S.A,Peru,74.0,2.0,3,1,0,0,0,1,0
U.S.A,Ecuador,74.0,2.0,2,0,0,0,0,1,0
Colombia,Colombia,70.0,3.0,4,1,0,1,0,1,0
U.S.A,Liberia,72.0,3.0,3,1,0,0,0,1,0
U.S.A,U.s.a.,72.0,3.0,3,1,0,0,0,1,0
U.S.A,Peru,72.0,3.0,3,1,0,0,0,1,0
U.S.A,U.s.a.,72.0,3.0,3,1,0,0,0,1,0
U.S.A,U.s.a.,72.0,4.0,3,1,0,0,0,1,0
U.S.A,Costa rica,72.0,4.0,3,1,0,0,0,1,0
U.S.A,Papua new guinea,72.0,4.0,3,1,0,0,0,1,0
U.S.A,Peru,70.0,3.0,3,1,0,0,0,1,0
U.S.A,U.s.a.,70.0,4.0,3,1,0,0,0,1,0
Poland,Ghana,70.0,4.0,2,0,0,0,0,1,0
Poland,Dominican republic,70.0,3.0,2,0,0,0,0,1,0
Poland,Ecuador,70.0,3.0,2,0,0,0,0,1,0
Poland,Venezuela,70.0,4.0,2,0,0,0,0,1,0
Poland,Colombia,85.0,4.0,2,0,0,0,0,1,0
Poland,Nicaragua,70.0,4.0,3,1,0,0,0,1,0
Poland,Peru,70.0,4.0,3,1,0,0,0,1,0
U.S.A,Dominican republic,70.0,4.0,3,1,0,0,0,1,0
U.S.A,Peru,62.0,4.0,3,1,0,0,0,1,0
U.S.A,Ecuador,70.0,4.0,3,1,0,0,0,1,0
U.S.A,Nicaragua,70.0,4.0,3,1,0,0,0,1,0
U.S.A,Peru,68.0,4.0,3,1,0,0,0,1,0
U.S.A,Honduras,78.0,4.0,3,1,0,0,0,1,0
U.S.A,Tanzania,72.0,3.0,3,1,0,0,0,1,0
U.S.A,Trinidad,70.0,3.0,3,1,0,0,0,1,0
U.S.A,Colombia,75.0,3.0,3,1,0,0,0,1,0
U.S.A,Vietnam,75.0,3.0,3,1,0,0,0,1,0
U.S.A,Vietnam,73.0,3.0,2,0,0,0,0,1,0
U.S.A,Dominican republic,72.0,4.0,3,1,0,0,0,1,0
U.S.A,Mexico,72.0,3.0,3,1,0,0,0,1,0
U.S.A,Blend,72.0,3.0,3,1,0,0,0,1,0
Peru,Peru,70.0,3.0,4,1,0,1,0,1,0
Peru,Peru,70.0,3.0,3,1,0,0,0,1,0
Peru,Peru,70.0,3.0,3,1,0,0,0,1,0
Canada,Blend,75.0,3.0,2,0,0,0,0,1,0
U.S.A,Haiti,75.0,3.0,2,0,0,0,0,1,0
Vietnam,Vietnam,76.0,4.0,3,1,0,0,0,1,0
Vietnam,Vietnam,72.0,4.0,3,1,0,0,0,1,0
Vietnam,Vietnam,70.0,4.0,3,1,0,0,0,1,0
Vietnam,Vietnam,78.0,4.0,3,1,0,0,0,1,0
Vietnam,Vietnam,74.0,4.0,3,1,0,0,0,1,0
Vietnam,Vietnam,80.0,3.0,3,1,0,0,0,1,0
Vietnam,Vietnam,75.0,4.0,3,1,0,0,0,1,0
Vietnam,Vietnam,70.0,4.0,2,0,0,0,0,1,0
Vietnam,Vietnam,68.0,4.0,2,0,0,0,0,1,0
Vietnam,Vietnam,85.0,3.0,2,0,0,0,0,1,0
Vietnam,Vietnam,75.0,4.0,3,1,0,0,0,1,0
U.S.A,Dominican republic,89.0,2.0,4,1,1,0,0,1,0
U.S.A,Dominican republic,74.0,2.0,4,1,1,0,0,1,0
Austria,Colombia,74.0,3.0,3,1,0,0,0,1,0
Austria,Haiti,82.0,3.0,3,1,0,0,0,1,0
Austria,Bolivia,76.0,3.0,3,1,0,0,0,1,0
U.S.A,Dominican republic,70.0,3.0,2,0,0,0,0,1,0
U.S.A,Venezuela,75.0,3.0,2,0,0,0,0,1,0
U.S.A,Venezuela,81.0,3.0,2,0,0,0,0,1,0
U.S.A,Dominican republic,74.0,4.0,2,0,0,0,0,1,0
U.S.A,Blend,72.0,4.0,2,0,0,0,0,1,0
U.S.A,Belize,70.0,4.0,2,0,0,0,0,1,0
U.S.A,Dominican republic,73.0,3.0,2,0,0,0,0,1,0
U.S.A,Venezuela,76.0,3.0,2,0,0,0,0,1,0
U.S.A,Venezuela,70.0,3.0,2,0,0,0,0,1,0
U.S.A,Peru,75.0,3.0,2,0,0,0,0,1,0
U.S.A,Venezuela,81.0,3.0,2,0,0,0,0,1,0
U.S.A,Papua new guinea,71.0,3.0,2,0,0,0,0,1,0
U.S.A,Blend,73.0,4.0,2,0,0,0,0,1,0
U.S.A,Venezuela,73.0,3.0,2,0,0,0,0,1,0
U.S.A,Blend,72.0,2.0,2,0,0,0,0,1,0
U.S.A,Blend,75.0,4.0,2,0,0,0,0,1,0
U.S.A,Tanzania,74.0,3.0,2,0,0,0,0,1,0
U.S.A,Guatemala,76.0,3.0,2,0,0,0,0,1,0
Australia,Madagascar,68.0,4.0,3,1,0,0,0,1,0
Australia,Papua new guinea,74.0,4.0,3,1,0,0,0,1,0
Australia,Blend,70.0,4.0,3,1,0,0,0,1,0
Australia,Vanuatu,72.0,4.0,3,1,0,0,0,1,0
U.S.A,Peru,63.0,4.0,3,1,0,0,0,1,0
U.S.A,Belize,70.0,3.0,2,0,0,0,0,1,0
U.S.A,Dominican republic,70.0,3.0,2,0,0,0,0,1,0
U.S.A,Peru,82.0,3.0,2,0,0,0,0,1,0
U.S.A,Madagascar,65.0,3.0,3,1,0,0,0,1,0
U.S.A,U.s.a.,70.0,3.0,3,1,0,0,0,1,0
U.S.A,Vietnam,75.0,3.0,3,1,0,0,0,1,0
U.S.A,Dominican republic,72.0,3.0,2,0,0,0,0,1,0
Canada,Belize,70.0,3.0,3,1,0,0,0,1,0
Canada,Guatemala,70.0,2.0,3,1,0,0,0,1,0
U.S.A,Dominican republic,70.0,4.0,2,0,0,0,0,1,0
U.S.A,Belize,70.0,3.0,2,0,0,0,0,1,0
U.S.A,Nicaragua,70.0,3.0,2,0,0,0,0,1,0
U.S.A,Venezuela,70.0,3.0,2,0,0,0,0,1,0
U.S.A,Bolivia,70.0,2.0,2,0,0,0,0,1,0
Denmark,Philippines,70.0,3.0,2,0,0,0,0,0,1
Denmark,Tanzania,70.0,3.0,2,0,0,0,0,0,1
Denmark,Dominican republic,70.0,3.0,2,0,0,0,0,0,1
Denmark,Ecuador,85.0,2.0,2,0,0,0,0,0,1
Madagascar,Madagascar,80.0,2.0,4,1,0,1,0,1,0
Madagascar,Madagascar,72.0,2.0,4,1,0,1,0,1,0
Honduras,Honduras,70.0,4.0,3,1,0,0,0,1,0
Honduras,Nicaragua,80.0,4.0,3,1,0,0,0,1,0
Honduras,Honduras,80.0,3.0,3,1,0,0,0,1,0
Honduras,Nicaragua,70.0,3.0,3,1,0,0,0,1,0
Honduras,El salvador,70.0,3.0,3,1,0,0,0,1,0
Honduras,El salvador,80.0,3.0,3,1,0,0,0,1,0
Brazil,Brazil,75.0,2.0,3,1,0,0,0,1,0
Sweden,Madagascar,72.0,4.0,3,1,0,0,0,1,0
Sweden,Brazil,70.0,3.0,3,1,0,0,0,1,0
Australia,Solomon islands,67.0,4.0,3,1,0,0,0,1,0
Australia,Solomon islands,72.0,3.0,3,1,0,0,0,1,0
Netherlands,Blend,70.0,4.0,3,0,1,0,0,1,0
Germany,Peru,70.0,4.0,3,1,0,0,0,1,0
France,Dominican republic,67.0,4.0,4,1,1,0,0,1,0
France,Madagascar,65.0,4.0,4,1,1,0,0,1,0
France,Papua new guinea,64.0,4.0,4,1,1,0,0,1,0
France,Sao tome,70.0,3.0,4,1,1,0,0,1,0
France,Blend,60.0,2.0,4,1,1,0,0,1,0
France,Blend,85.0,2.0,4,1,1,0,0,1,0
France,Blend,99.0,2.0,4,1,1,0,0,1,0
France,Venezuela,66.0,4.0,4,1,1,0,0,1,0
France,Sao tome,67.0,4.0,4,1,1,0,0,1,0
France,Mexico,66.0,4.0,4,1,1,0,0,1,0
France,Colombia,69.0,3.0,4,1,1,0,0,1,0
France,Guatemala,70.0,4.0,4,1,1,0,0,1,0
France,Brazil,70.0,3.0,4,1,1,0,0,1,0
U.S.A,Indonesia,70.0,2.0,4,1,0,0,1,0,1
U.S.A,Bolivia,75.0,2.0,4,1,0,0,1,0,1
U.S.A,Blend,65.0,2.0,4,1,0,0,1,0,1
U.S.A,Belize,80.0,3.0,4,1,0,0,1,1,0
U.S.A,Dominican republic,75.0,2.0,3,0,0,0,1,0,1
U.S.A,Dominican republic,75.0,4.0,3,1,0,0,0,1,0
U.S.A,Venezuela,75.0,4.0,3,1,0,0,0,1,0
U.S.A,Belize,80.0,4.0,3,1,0,0,0,1,0
U.S.A,Trinidad,70.0,4.0,3,1,0,0,0,1,0
U.S.A,Nicaragua,70.0,4.0,3,1,0,0,0,1,0
U.S.A,Tanzania,75.0,3.0,3,1,0,0,0,1,0
Belgium,Belize,70.0,4.0,3,1,0,0,0,1,0
Belgium,India,70.0,3.0,3,1,0,0,0,1,0
Belgium,Peru,70.0,3.0,3,1,0,0,0,1,0
Belgium,Dominican republic,70.0,3.0,3,1,0,0,0,1,0
U.S.A,Ecuador,70.0,4.0,4,1,1,0,0,1,0
U.S.A,Ecuador,70.0,2.0,4,1,1,0,0,1,0
Belgium,Ecuador,70.0,3.0,3,1,0,0,0,1,0
Belgium,India,74.0,3.0,3,1,0,0,0,1,0
Belgium,Brazil,76.0,3.0,3,1,0,0,0,1,0
Japan,Peru,70.0,4.0,2,0,0,0,0,1,0
Japan,Madagascar,70.0,4.0,2,0,0,0,0,1,0
Japan,Vietnam,70.0,3.0,2,0,0,0,0,1,0
Japan,Brazil,70.0,3.0,2,0,0,0,0,1,0
U.S.A,Ecuador,77.0,3.0,3,1,0,0,0,1,0
U.S.A,Ecuador,67.0,3.0,3,1,0,0,0,1,0
Japan,Haiti,70.0,4.0,2,0,0,0,0,1,0
U.a.e.,Vietnam,65.0,4.0,2,0,0,0,0,1,0
U.a.e.,Madagascar,72.0,3.0,2,0,0,0,0,1,0
U.a.e.,Papua new guinea,72.0,3.0,2,0,0,0,0,1,0
U.a.e.,Tanzania,72.0,4.0,3,1,0,0,0,1,0
Czech republic,Vietnam,70.0,4.0,3,1,0,0,0,1,0
Brazil,Brazil,70.0,4.0,2,0,0,0,0,1,0
Brazil,Brazil,75.0,4.0,2,0,0,0,0,1,0
Brazil,Puerto rico,70.0,3.0,3,1,0,0,0,1,0
U.S.A,Belize,67.0,3.0,3,1,0,0,0,1,0
U.S.A,Belize,73.0,3.0,3,1,0,0,0,1,0
U.S.A,Belize,72.0,3.0,3,1,0,0,0,1,0
U.S.A,Cameroon,68.0,3.0,2,0,0,0,0,1,0
U.S.A,Brazil,72.0,2.0,3,1,0,0,0,1,0
U.S.A,Tanzania,72.0,4.0,2,0,0,0,0,1,0
U.S.A,Dominican republic,70.0,4.0,2,0,0,0,0,1,0
U.S.A,Sierra leone,72.0,3.0,3,1,0,0,0,1,0
U.S.A,Peru,70.0,3.0,2,0,0,0,0,1,0
U.S.A,Dominican republic,70.0,3.0,2,0,0,0,0,1,0
U.S.A,Indonesia,70.0,3.0,2,0,0,0,0,1,0
Nicaragua,Nicaragua,70.0,3.0,2,0,0,0,0,1,0
Nicaragua,Nicaragua,70.0,3.0,2,0,0,0,0,1,0
Nicaragua,Nicaragua,70.0,3.0,3,1,0,0,0,1,0
Canada,Dominican republic,72.0,4.0,2,0,0,0,0,1,0
U.S.A,Mexico,70.0,3.0,3,1,0,0,0,1,0
Mexico,Mexico,70.0,3.0,3,1,0,0,0,1,0
U.S.A,Nicaragua,70.0,4.0,3,1,0,0,0,1,0
U.S.A,Nicaragua,80.0,4.0,3,1,0,0,0,1,0
Japan,Venezuela,70.0,4.0,2,0,0,0,0,1,0
U.S.A,Vietnam,80.0,3.0,2,0,0,0,0,1,0
U.S.A,Dominican republic,71.0,3.0,2,0,0,0,0,1,0
U.S.A,Tanzania,68.0,3.0,2,0,0,0,0,1,0
U.S.A,Madagascar,68.0,3.0,2,0,0,0,0,1,0
Costa rica,Costa rica,70.0,3.0,3,1,0,0,0,1,0
Costa rica,Costa rica,58.0,2.0,3,1,0,0,0,1,0
Lithuania,Grenada,71.0,2.0,4,1,1,0,0,1,0
Lithuania,Blend,70.0,4.0,4,1,0,1,0,1,0
Lithuania,Peru,78.0,4.0,4,1,0,1,0,1,0
Lithuania,Nicaragua,70.0,3.0,4,1,0,1,0,1,0
Lithuania,Venezuela,70.0,3.0,4,1,0,1,0,1,0
Lithuania,Venezuela,75.0,3.0,4,1,0,1,0,1,0
Lithuania,El salvador,70.0,3.0,3,1,0,0,0,1,0
Lithuania,Nicaragua,67.0,3.0,3,1,0,0,0,1,0
U.S.A,Ghana,70.0,4.0,3,1,0,0,0,1,0
U.S.A,Dominican republic,70.0,2.0,2,0,0,0,0,0,1
U.S.A,Madagascar,73.5,2.0,2,0,0,0,0,1,0
U.S.A,Peru,72.0,2.0,2,0,0,0,0,1,0
Ireland,Dominican republic,70.0,3.0,2,0,0,0,0,1,0
Belgium,Venezuela,71.0,3.0,5,1,1,1,0,1,0
Belgium,Sao tome,75.0,3.0,5,1,1,1,0,1,0
Belgium,Blend,73.0,2.0,5,1,1,1,0,1,0
Belgium,Blend,73.0,1.0,5,1,1,1,0,1,0
Belgium,Trinidad,67.0,4.0,5,1,1,1,0,1,0
Belgium,Papua new guinea,70.0,2.0,5,1,1,1,0,1,0
U.S.A,Madagascar,72.0,3.0,2,0,0,0,0,1,0
U.S.A,Peru,72.0,3.0,2,0,0,0,0,1,0
U.S.A,Dominican republic,72.0,3.0,2,0,0,0,0,1,0
U.S.A,Venezuela,72.0,2.0,2,0,0,0,0,1,0
U.S.A,Brazil,72.0,3.0,2,0,0,0,0,1,0
U.S.A,Ecuador,75.0,4.0,3,1,0,0,0,1,0
U.S.A,Peru,75.0,3.0,3,1,0,0,0,1,0
Ecuador,Ecuador,72.0,4.0,3,1,0,0,0,1,0
Peru,Peru,70.0,3.0,3,1,0,0,0,1,0
U.S.A,Tanzania,72.0,3.0,3,1,0,0,0,1,0
U.S.A,Dominican republic,72.0,3.0,3,1,0,0,0,1,0
U.S.A,Vietnam,72.0,3.0,3,1,0,0,0,1,0
U.S.A,Colombia,72.0,3.0,3,1,0,0,0,1,0
U.S.A,Fiji,74.0,3.0,3,1,0,0,0,1,0
U.S.A,Peru,75.0,3.0,4,0,1,1,0,0,1
U.S.A,Ghana,75.0,3.0,4,0,1,1,0,0,1
U.S.A,Belize,75.0,3.0,4,0,1,1,0,0,1
Nicaragua,Ecuador,80.0,3.0,2,0,0,0,0,1,0
Nicaragua,Nicaragua,70.0,3.0,2,0,0,0,0,1,0
Nicaragua,Nicaragua,75.0,3.0,2,0,0,0,0,1,0
U.S.A,Ghana,70.0,4.0,2,0,0,0,0,1,0
U.S.A,Dominican republic,70.0,4.0,2,0,0,0,0,1,0
U.S.A,Madagascar,70.0,4.0,2,0,0,0,0,1,0
U.S.A,Venezuela,70.0,3.0,2,0,0,0,0,1,0
U.S.A,Ecuador,70.0,3.0,2,0,0,0,0,1,0
U.S.A,Vietnam,70.0,3.0,3,1,0,0,0,1,0
U.S.A,Nigeria,70.0,3.0,3,1,0,0,0,1,0
Brazil,Brazil,70.0,4.0,3,1,0,0,0,1,0
U.S.A,Jamaica,70.0,2.0,5,1,1,1,0,1,0
Chile,Peru,70.0,4.0,2,0,0,0,0,1,0
Chile,Peru,70.0,4.0,2,0,0,0,0,1,0
Scotland,Peru,75.0,4.0,3,1,0,0,0,1,0
Scotland,Congo,70.0,4.0,3,1,0,0,0,1,0
New zealand,Papua new guinea,74.0,4.0,2,0,0,0,0,1,0
New zealand,Papua new guinea,88.0,3.0,2,0,0,0,0,1,0
New zealand,Papua new guinea,70.0,3.0,2,0,0,0,0,1,0
New zealand,Papua new guinea,66.0,3.0,2,0,0,0,0,1,0
New zealand,Samoa,70.0,4.0,2,0,0,0,0,1,0
New zealand,Samoa,100.0,3.0,1,0,0,0,0,0,0
U.S.A,Tanzania,70.0,3.0,3,1,0,0,0,1,0
U.S.A,Trinidad,70.0,3.0,3,1,0,0,0,1,0
Germany,Bolivia,70.0,4.0,2,0,0,0,0,1,0
Germany,Brazil,78.0,4.0,3,1,0,0,0,1,0
U.S.A,Blend,75.0,3.0,3,1,0,0,0,1,0
U.S.A,Blend,67.0,3.0,3,1,0,0,0,1,0
U.S.A,Dominican republic,72.0,3.0,3,1,0,0,0,1,0
U.S.A,Ghana,72.0,3.0,3,1,0,0,0,1,0
Canada,Blend,85.0,3.0,5,1,1,1,0,1,0
Canada,Blend,76.0,3.0,5,1,1,1,0,1,0
Canada,Blend,85.0,3.0,5,1,1,1,0,1,0
Canada,Blend,76.0,2.0,5,1,1,1,0,1,0
Ghana,Ghana,80.0,3.0,4,1,0,1,0,1,0
Iceland,Madagascar,66.0,4.0,3,1,0,0,0,1,0
Iceland,Papua new guinea,70.0,3.0,3,1,0,0,0,1,0
Iceland,Tanzania,70.0,4.0,3,1,0,0,0,1,0
Iceland,Nicaragua,73.0,3.0,3,1,0,0,0,1,0
Canada,Dominican republic,72.0,3.0,3,1,0,0,0,1,0
Canada,Ecuador,72.0,3.0,3,1,0,0,0,1,0
Canada,Belize,74.0,3.0,3,1,0,0,0,1,0
Canada,Dominican republic,72.0,3.0,3,1,0,0,0,1,0
Canada,Nicaragua,72.0,3.0,3,1,0,0,0,1,0
South africa,Panama,71.0,3.0,3,1,0,0,0,1,0
Switzerland,Bolivia,68.0,3.0,3,1,0,0,0,1,0
Switzerland,Congo,70.0,3.0,3,1,0,0,0,1,0
Switzerland,Peru,75.0,3.0,3,1,0,0,0,1,0
Switzerland,Bolivia,66.0,4.0,3,1,0,0,0,1,0
Switzerland,Blend,80.0,3.0,2,0,0,0,0,1,0
Switzerland,Papua new guinea,68.0,3.0,3,1,0,0,0,1,0
U.S.A,U.s.a.,60.0,3.0,5,1,1,1,0,1,0
U.S.A,U.s.a.,60.0,3.0,5,1,1,1,0,1,0
Peru,Peru,65.0,3.0,4,1,0,1,0,1,0
Peru,Peru,72.0,3.0,4,1,0,1,0,1,0
Ecuador,Ecuador,70.0,4.0,4,1,0,1,0,1,0
Ecuador,Ecuador,72.0,3.0,4,1,0,1,0,1,0
Ecuador,Ecuador,65.0,3.0,4,1,0,1,0,1,0
Ecuador,Ecuador,60.0,3.0,4,1,0,1,0,1,0
Ecuador,Ecuador,70.0,4.0,4,1,0,1,0,1,0
Ecuador,Peru,70.0,4.0,4,1,0,1,0,1,0
Ecuador,Ecuador,85.0,3.0,4,1,0,1,0,1,0
Ecuador,Ecuador,70.0,4.0,4,1,0,1,0,1,0
Ecuador,Ecuador,70.0,4.0,4,1,0,1,0,1,0
Ecuador,Ecuador,70.0,4.0,4,1,0,1,0,1,0
Ecuador,Ecuador,70.0,3.0,4,1,0,1,0,1,0
Ecuador,Colombia,70.0,4.0,4,1,0,1,0,1,0
Japan,Cuba,72.0,4.0,5,1,1,1,0,1,0
Japan,Haiti,70.0,4.0,5,1,1,1,0,1,0
Japan,Vietnam,72.0,3.0,5,1,1,1,0,1,0
Canada,Madagascar,78.0,4.0,2,0,0,0,0,1,0
Canada,Trinidad,70.0,4.0,2,0,0,0,0,1,0
Canada,Blend,75.0,4.0,2,0,0,0,0,1,0
Canada,Bolivia,72.0,3.0,2,0,0,0,0,1,0
Canada,Ecuador,75.0,3.0,2,0,0,0,0,1,0
Canada,Vietnam,72.0,4.0,2,0,0,0,0,1,0
Canada,Tanzania,72.0,4.0,2,0,0,0,0,1,0
Canada,Bolivia,70.0,3.0,2,0,0,0,0,1,0
Canada,Trinidad,70.0,3.0,2,0,0,0,0,0,1
Canada,Belize,72.0,3.0,2,0,0,0,0,1,0
Canada,Guatemala,70.0,3.0,2,0,0,0,0,1,0
Canada,Haiti,70.0,4.0,2,0,0,0,0,1,0
Canada,Peru,72.0,3.0,2,0,0,0,0,1,0
Canada,Dominican republic,75.0,3.0,2,0,0,0,0,1,0
Canada,Peru,70.0,4.0,2,0,0,0,0,1,0
Spain,Fiji,76.0,3.0,2,0,0,0,0,1,0
Spain,Peru,71.0,4.0,2,0,0,0,0,1,0
Spain,Belize,75.0,3.0,2,0,0,0,0,1,0
Spain,Madagascar,76.0,3.0,2,0,0,0,0,1,0
Spain,Dominican republic,76.0,3.0,2,0,0,0,0,1,0
Spain,Philippines,76.0,3.0,2,0,0,0,0,1,0
Spain,Bolivia,76.0,3.0,2,0,0,0,0,1,0
U.S.A,Blend,65.0,4.0,3,0,1,0,0,1,0
U.S.A,Dominican republic,70.0,4.0,2,0,0,0,0,1,0
U.S.A,Bolivia,70.0,3.0,2,0,0,0,0,1,0
U.S.A,Guatemala,70.0,4.0,2,0,0,0,0,1,0
U.S.A,Tanzania,70.0,3.0,2,0,0,0,0,1,0
U.S.A,Colombia,75.0,3.0,3,1,0,0,0,1,0
U.S.A,Guatemala,75.0,3.0,3,1,0,0,0,1,0
U.S.A,Dominican republic,75.0,3.0,3,1,0,0,0,1,0
Peru,Peru,70.0,3.0,4,1,1,0,0,1,0
Peru,Peru,55.0,2.0,4,1,1,0,0,1,0
U.S.A,Madagascar,70.0,4.0,3,1,0,0,0,1,0
U.S.A,Madagascar,75.0,4.0,3,1,0,0,0,1,0
U.S.A,Madagascar,67.0,4.0,3,1,0,0,0,1,0
U.S.A,Venezuela,70.0,4.0,3,1,0,0,0,1,0
U.S.A,Blend,70.0,4.0,3,1,0,0,0,1,0
U.S.A,Peru,67.0,4.0,3,1,0,0,0,1,0
U.k.,Madagascar,64.0,3.0,2,0,0,0,0,0,1
U.k.,Madagascar,73.0,2.0,2,0,0,0,0,0,1
U.S.A,Dominican republic,82.0,3.0,3,1,0,0,0,1,0
U.S.A,Fiji,75.0,3.0,3,1,0,0,0,0,1
Canada,Peru,70.0,3.0,4,1,0,1,0,1,0
Belgium,Mexico,72.0,4.0,5,1,1,1,0,1,0
Belgium,Venezuela,72.0,4.0,5,1,1,1,0,1,0
Belgium,Indonesia,72.0,3.0,5,1,1,1,0,1,0
Belgium,Blend,70.0,4.0,5,1,1,1,0,1,0
Belgium,Madagascar,72.0,4.0,5,1,1,1,0,1,0
Belgium,Ecuador,72.0,4.0,5,1,1,1,0,1,0
Belgium,Blend,85.0,4.0,5,1,1,1,0,1,0
Belgium,Brazil,72.0,3.0,5,1,1,1,0,1,0
Belgium,Mexico,72.0,3.0,5,1,1,1,0,1,0
Belgium,Cuba,78.0,4.0,5,1,1,1,0,1,0
Belgium,Trinidad,75.0,3.0,5,1,1,1,0,1,0
Belgium,Venezuela,75.0,3.0,5,1,1,1,0,1,0
Belgium,Peru,85.0,3.0,5,1,1,1,0,1,0
Belgium,Cameroon,70.0,3.0,5,1,1,1,0,1,0
Belgium,Madagascar,76.0,3.0,4,1,0,1,0,1,0
Belgium,Cameroon,70.0,3.0,4,1,0,1,0,1,0
U.S.A,Tanzania,70.0,4.0,3,1,0,0,0,1,0
U.S.A,India,73.0,4.0,3,1,0,0,0,1,0
U.S.A,Vietnam,70.0,3.0,3,1,0,0,0,1,0
U.S.A,Honduras,80.0,2.0,4,0,1,1,0,1,0
U.S.A,Ecuador,73.0,4.0,2,0,0,0,0,1,0
U.S.A,Madagascar,73.0,3.0,2,0,0,0,0,1,0
U.S.A,Ecuador,73.0,3.0,2,0,0,0,0,1,0
U.S.A,Fiji,73.0,2.0,2,0,0,0,0,1,0
U.S.A,Nicaragua,80.0,3.0,2,0,0,0,0,1,0
U.S.A,Nicaragua,80.0,3.0,2,0,0,0,0,1,0
U.S.A,Nicaragua,80.0,3.0,3,1,0,0,0,1,0
U.S.A,Nicaragua,80.0,3.0,3,1,0,0,0,1,0
U.S.A,Nicaragua,62.0,2.0,3,1,0,0,0,1,0
U.S.A,Peru,82.0,3.0,3,1,0,0,0,1,0
U.S.A,Dominican republic,76.0,2.0,3,1,0,0,0,1,0
U.S.A,Costa rica,82.0,4.0,2,0,0,0,0,1,0
U.S.A,Costa rica,70.0,4.0,2,0,0,0,0,1,0
U.S.A,Brazil,70.0,4.0,2,0,0,0,0,1,0
U.S.A,Costa rica,70.0,3.0,2,0,0,0,0,1,0
U.S.A,Peru,70.0,3.0,2,0,0,0,0,1,0
U.S.A,Venezuela,70.0,4.0,2,0,0,0,0,1,0
U.S.A,Dominican republic,70.0,4.0,2,0,0,0,0,1,0
U.S.A,Colombia,70.0,4.0,2,0,0,0,0,1,0
France,Jamaica,75.0,4.0,4,1,0,1,0,1,0
France,Ecuador,80.0,4.0,4,1,0,1,0,1,0
France,Blend,75.0,4.0,4,1,0,1,0,1,0
France,Vanuatu,75.0,3.0,4,1,0,1,0,1,0
France,Cuba,75.0,3.0,4,1,0,1,0,1,0
France,Blend,75.0,3.0,4,1,0,1,0,1,0
France,Brazil,75.0,3.0,4,1,0,1,0,1,0
France,Sao tome,75.0,4.0,4,1,0,1,0,1,0
France,Brazil,75.0,4.0,4,1,0,1,0,1,0
France,Madagascar,100.0,3.0,2,1,0,0,0,0,0
France,Dominican republic,75.0,2.0,4,1,0,1,0,1,0
France,Venezuela,75.0,2.0,4,1,0,1,0,1,0
France,Venezuela,75.0,4.0,4,1,0,1,0,1,0
France,Venezuela,75.0,3.0,4,1,0,1,0,1,0
France,Peru,75.0,3.0,3,1,0,0,0,1,0
France,Sao tome & principe,75.0,4.0,4,1,0,1,0,1,0
France,Tanzania,75.0,4.0,4,1,0,1,0,1,0
France,Ecuador,75.0,4.0,4,1,0,1,0,1,0
France,Trinidad,75.0,3.0,4,1,0,1,0,1,0
France,Ghana,75.0,3.0,4,1,0,1,0,1,0
France,Papua new guinea,75.0,3.0,4,1,0,1,0,1,0
France,Papua new guinea,75.0,3.0,4,1,0,1,0,1,0
France,Indonesia,75.0,3.0,4,1,0,1,0,1,0
France,Venezuela,75.0,3.0,4,1,0,1,0,1,0
France,Madagascar,75.0,3.0,4,1,0,1,0,1,0
France,Colombia,75.0,3.0,4,1,0,1,0,1,0
U.S.A,Tanzania,75.0,3.0,2,0,0,0,0,0,1
U.S.A,Peru,75.0,3.0,2,0,0,0,0,0,1
South korea,Vietnam,70.0,3.0,2,0,0,0,0,1,0
U.k.,Madagascar,72.0,3.0,3,1,0,0,0,1,0
U.k.,Ecuador,75.0,3.0,3,1,0,0,0,1,0
U.k.,Venezuela,75.0,3.0,3,1,0,0,0,1,0
U.k.,Ecuador,85.0,3.0,3,1,0,0,0,1,0
U.k.,Grenada,70.0,4.0,3,1,0,0,0,1,0
U.k.,Madagascar,74.0,4.0,3,1,0,0,0,1,0
U.k.,Honduras,80.0,3.0,3,1,0,0,0,1,0
U.k.,Ecuador,77.0,4.0,3,1,0,0,0,1,0
U.k.,Jamaica,75.0,4.0,2,0,0,0,0,1,0
U.k.,Solomon islands,72.0,3.0,3,1,0,0,0,1,0
Italy,Venezuela,73.0,3.0,4,1,0,1,0,1,0
Italy,Dominican republic,65.0,4.0,4,1,0,1,0,1,0
Italy,Vietnam,75.0,4.0,4,1,0,1,0,1,0
Italy,Philippines,66.0,4.0,4,1,0,1,0,1,0
Italy,Ecuador,73.0,3.0,4,1,0,1,0,1,0
Italy,Papua new guinea,75.0,3.0,4,1,0,1,0,1,0
Brazil,Brazil,65.0,3.0,3,1,0,0,0,1,0
Brazil,Brazil,60.0,3.0,3,1,0,0,0,1,0
Brazil,Brazil,85.0,4.0,3,1,0,0,0,1,0
Brazil,Brazil,75.0,3.0,3,1,0,0,0,1,0
Brazil,Brazil,80.0,3.0,3,1,0,0,0,1,0
Brazil,Brazil,55.0,3.0,3,1,0,0,0,1,0
Canada,Peru,70.0,3.0,3,1,0,0,0,1,0
Canada,Peru,70.0,4.0,3,1,0,0,0,1,0
Canada,Peru,70.0,4.0,3,1,0,0,0,1,0
Mexico,Mexico,74.0,3.0,3,1,0,0,0,1,0
Mexico,Mexico,70.0,3.0,3,1,0,0,0,1,0
U.S.A,Dominican republic,85.0,4.0,3,1,0,0,0,1,0
U.S.A,Madagascar,75.0,3.0,3,1,0,0,0,1,0
U.S.A,Congo,75.0,3.0,3,1,0,0,0,1,0
U.S.A,Peru,70.0,3.0,3,1,0,0,0,1,0
U.S.A,Haiti,70.0,4.0,3,1,0,0,0,1,0
U.S.A,Haiti,70.0,3.0,3,1,0,0,0,1,0
Guatemala,Guatemala,70.0,3.0,5,1,1,1,0,1,0
U.S.A,Peru,73.0,4.0,2,0,0,0,0,1,0
U.S.A,Peru,80.0,3.0,2,0,0,0,0,1,0
U.S.A,Peru,70.0,2.0,2,0,0,0,0,1,0
France,Peru,75.0,3.0,3,1,0,0,0,1,0
U.S.A,Tanzania,72.0,4.0,3,1,0,0,0,1,0
U.S.A,Peru,72.0,4.0,3,1,0,0,0,1,0
U.S.A,Ecuador,72.0,4.0,3,1,0,0,0,1,0
U.S.A,Dominican republic,72.0,4.0,3,1,0,0,0,1,0
U.S.A,Nicaragua,72.0,4.0,3,1,0,0,0,1,0
Ecuador,Ecuador,75.0,4.0,4,1,0,1,0,1,0
Ecuador,Ecuador,67.0,4.0,4,1,0,1,0,1,0
Ecuador,Ecuador,75.0,3.0,4,1,0,1,0,1,0
Ecuador,Ecuador,75.0,2.0,4,1,0,1,0,1,0
Ecuador,Ecuador,75.0,3.0,4,1,0,1,0,1,0
U.S.A,Costa rica,75.0,4.0,2,0,0,0,0,1,0
U.S.A,Madagascar,75.0,4.0,2,0,0,0,0,1,0
U.S.A,Trinidad,75.0,4.0,2,0,0,0,0,1,0
U.S.A,Ecuador,75.0,3.0,2,0,0,0,0,1,0
U.S.A,Belize,75.0,4.0,2,0,0,0,0,1,0
U.S.A,Peru,75.0,3.0,2,0,0,0,0,1,0
U.S.A,Ecuador,85.0,4.0,2,0,0,0,0,1,0
U.S.A,Blend,70.0,4.0,2,0,0,0,0,1,0
U.S.A,Ecuador,75.0,4.0,2,0,0,0,0,1,0
U.S.A,Mexico,75.0,4.0,3,1,0,0,0,1,0
U.S.A,Nicaragua,70.0,4.0,2,0,0,0,0,1,0
U.S.A,Trinidad,80.0,4.0,2,0,0,0,0,1,0
U.S.A,Tanzania,72.0,3.0,3,1,0,0,0,1,0
U.S.A,Fiji,70.0,2.0,3,1,0,0,0,1,0
U.S.A,Peru,70.0,2.0,3,1,0,0,0,1,0
South korea,Costa rica,70.0,3.0,2,0,0,0,0,1,0
South korea,Costa rica,70.0,3.0,2,0,0,0,0,1,0
South korea,Costa rica,70.0,3.0,2,0,0,0,0,1,0
Madagascar,Madagascar,75.0,3.0,5,1,1,1,0,1,0
Madagascar,Madagascar,68.0,3.0,4,1,0,1,0,1,0
U.S.A,Madagascar,70.0,3.0,2,0,0,0,0,1,0
U.S.A,Trinidad,70.0,3.0,2,0,0,0,0,1,0
U.S.A,Dominican republic,70.0,3.0,2,0,0,0,0,1,0
U.S.A,Jamaica,70.0,3.0,2,0,0,0,0,1,0
U.S.A,Venezuela,70.0,4.0,2,0,0,0,0,1,0
U.S.A,Peru,75.0,4.0,2,0,0,0,0,1,0
U.S.A,Bolivia,75.0,3.0,2,0,0,0,0,1,0
U.S.A,Ecuador,75.0,4.0,2,0,0,0,0,1,0
U.S.A,Bolivia,75.0,4.0,2,0,0,0,0,1,0
U.S.A,Jamaica,75.0,4.0,2,0,0,0,0,1,0
U.S.A,Madagascar,70.0,4.0,2,0,0,0,0,1,0
U.S.A,Dominican republic,70.0,4.0,2,0,0,0,0,1,0
U.S.A,Venezuela,80.0,4.0,2,0,0,0,0,1,0
U.S.A,Venezuela,70.0,4.0,2,0,0,0,0,1,0
U.S.A,Bolivia,75.0,3.0,2,0,0,0,0,1,0
U.S.A,Honduras,75.0,4.0,2,0,0,0,0,1,0
Hungary,Venezuela,73.0,4.0,3,1,0,0,0,1,0
Hungary,Venezuela,70.0,4.0,3,1,0,0,0,1,0
Hungary,Principe,77.0,3.0,3,1,0,0,0,1,0
Hungary,Venezuela,71.0,2.0,3,1,0,0,0,1,0
Hungary,Venezuela,84.0,2.0,3,1,0,0,0,1,0
Hungary,Madagascar,72.0,2.0,3,1,0,0,0,1,0
Hungary,Venezuela,76.0,2.0,3,1,0,0,0,1,0
Hungary,Venezuela,73.0,4.0,3,1,0,0,0,1,0
Italy,Honduras,72.0,3.0,3,1,0,0,0,0,1
Italy,Nicaragua,70.0,4.0,3,1,0,0,0,1,0
Italy,Haiti,75.0,3.0,3,1,0,0,0,1,0
U.S.A,Blend,69.0,3.0,4,1,1,0,0,0,1
U.S.A,Blend,83.0,3.0,4,1,1,0,0,0,1
Argentina,Brazil,70.0,4.0,4,1,0,1,0,1,0
Argentina,Ecuador,70.0,4.0,4,1,0,1,0,1,0
Argentina,Venezuela,70.0,4.0,4,1,0,1,0,1,0
Argentina,Ecuador,70.0,4.0,4,1,0,1,0,1,0
Ecuador,Ecuador,70.0,3.0,4,1,0,1,0,1,0
Colombia,Colombia,70.0,4.0,5,1,1,1,0,1,0
Colombia,Colombia,65.0,3.0,5,1,1,1,0,1,0
Colombia,Colombia,53.0,2.0,5,1,1,1,0,1,0
Colombia,Colombia,70.0,3.0,5,1,1,1,0,1,0
Colombia,Colombia,75.0,3.0,3,0,0,1,0,1,0
France,Sao tome,70.0,3.0,5,1,1,1,0,1,0
U.S.A,Blend,70.0,4.0,5,1,1,1,0,1,0
U.S.A,Blend,62.0,3.0,5,1,1,1,0,1,0
U.S.A,Blend,82.0,2.0,5,1,1,1,0,1,0
U.S.A,Blend,68.0,2.0,5,1,1,1,0,1,0
U.S.A,Jamaica,70.0,2.0,5,1,1,1,0,1,0
U.S.A,Venezuela,75.0,4.0,5,1,1,1,0,1,0
U.S.A,Blend,72.0,3.0,5,1,1,1,0,1,0
U.S.A,Blend,62.0,3.0,5,1,1,1,0,1,0
U.S.A,Blend,75.0,3.0,5,1,1,1,0,1,0
U.S.A,Blend,72.0,3.0,5,1,1,1,0,1,0
U.S.A,Ghana,65.0,4.0,5,1,1,1,0,1,0
U.S.A,Brazil,68.0,4.0,5,1,1,1,0,1,0
U.S.A,Vietnam,72.0,4.0,5,1,1,1,0,1,0
U.S.A,Madagascar,65.0,4.0,5,1,1,1,0,1,0
U.S.A,Grenada,68.0,4.0,5,1,1,1,0,1,0
U.S.A,Papua new guinea,68.0,4.0,5,1,1,1,0,1,0
U.S.A,Peru,78.0,4.0,4,1,0,1,0,1,0
U.k.,Dominican republic,70.0,3.0,2,0,0,0,0,1,0
U.k.,Grenada,70.0,3.0,2,0,0,0,0,1,0
U.S.A,Tanzania,70.0,3.0,2,0,0,0,0,1,0
U.S.A,Dominican republic,70.0,3.0,2,0,0,0,0,1,0
U.S.A,Honduras,70.0,3.0,2,0,0,0,0,1,0
U.S.A,Uganda,70.0,4.0,2,0,0,0,0,1,0
U.S.A,Fiji,70.0,3.0,2,0,0,0,0,1,0
U.S.A,Belize,70.0,4.0,3,1,0,0,0,1,0
U.S.A,Guatemala,70.0,3.0,3,1,0,0,0,1,0
U.S.A,Colombia,70.0,3.0,3,1,0,0,0,1,0
U.S.A,Belize,72.0,3.0,2,0,0,0,0,1,0
U.S.A,Ecuador,75.0,3.0,2,0,0,0,0,1,0
U.S.A,Papua new guinea,73.0,4.0,2,0,0,0,0,1,0
U.S.A,Dominican republic,74.0,4.0,2,0,0,0,0,1,0
U.S.A,Jamaica,72.0,3.0,2,0,0,0,0,1,0
U.S.A,Venezuela,77.0,3.0,2,0,0,0,0,1,0
U.S.A,U.s.a.,73.0,2.0,4,1,1,0,0,1,0
U.S.A,U.s.a.,73.0,2.0,4,1,1,0,0,1,0
Peru,Peru,75.0,4.0,3,1,0,0,0,1,0
Peru,Peru,70.0,3.0,3,1,0,0,0,1,0
Costa rica,Costa rica,70.0,4.0,3,1,0,0,0,1,0
Costa rica,Costa rica,82.0,3.0,3,1,0,0,0,1,0
Italy,Sao tome,65.0,3.0,4,1,0,0,1,1,0
Italy,Brazil,60.0,3.0,4,1,0,0,1,1,0
Italy,Belize,67.0,3.0,4,1,0,0,1,1,0
Italy,Colombia,68.0,3.0,4,1,0,0,1,1,0
Canada,Madagascar,67.0,4.0,3,1,0,0,0,1,0
Canada,Madagascar,73.0,4.0,3,1,0,0,0,1,0
Canada,Ecuador,73.0,4.0,3,1,0,0,0,1,0
Canada,Guatemala,73.0,3.0,2,0,0,0,0,0,1
Canada,Haiti,73.0,3.0,2,0,0,0,0,1,0
Canada,Madagascar,100.0,3.0,1,0,0,0,0,0,0
Canada,Ecuador,100.0,3.0,1,0,0,0,0,0,0
Canada,Guatemala,73.0,3.0,2,0,0,0,0,1,0
Canada,Ecuador,73.0,4.0,2,0,0,0,0,1,0
Canada,Bolivia,73.0,4.0,2,0,0,0,0,1,0
Canada,Tanzania,73.0,4.0,2,0,0,0,0,1,0
Canada,Peru,73.0,4.0,2,0,0,0,0,1,0
U.S.A,Nicaragua,72.0,3.0,3,1,0,0,0,1,0
U.S.A,Ghana,70.0,3.0,4,1,1,0,0,1,0
Australia,Ecuador,72.0,4.0,3,1,0,0,0,1,0
Australia,Tanzania,67.0,4.0,3,1,0,0,0,1,0
Australia,Trinidad,70.0,4.0,3,1,0,0,0,1,0
Australia,Venezuela,70.0,4.0,3,1,0,0,0,1,0
Australia,Madagascar,70.0,4.0,3,1,0,0,0,1,0
Australia,Papua new guinea,65.0,4.0,3,1,0,0,0,1,0
Australia,Madagascar,65.0,3.0,3,1,0,0,0,1,0
Australia,Peru,67.0,3.0,3,1,0,0,0,1,0
Australia,Bolivia,72.0,3.0,3,1,0,0,0,1,0
Australia,Ecuador,70.0,4.0,3,1,0,0,0,1,0
Australia,Venezuela,70.0,4.0,3,1,0,0,0,1,0
Australia,Belize,70.0,4.0,3,1,0,0,0,1,0
Australia,Australia,67.0,4.0,3,1,0,0,0,1,0
Australia,Guatemala,70.0,3.0,3,1,0,0,0,1,0
Australia,Vietnam,70.0,3.0,3,1,0,0,0,1,0
Australia,Dominican republic,70.0,4.0,3,1,0,0,0,1,0
Australia,Haiti,70.0,4.0,3,1,0,0,0,1,0
U.S.A,Ecuador,68.0,3.0,3,1,0,0,0,1,0
U.S.A,Madagascar,68.0,3.0,3,1,0,0,0,1,0
U.S.A,Ghana,67.0,2.0,3,1,0,0,0,1,0
Netherlands,Sulawesi,66.0,3.0,3,1,0,0,0,0,1
India,India,70.0,3.0,3,1,0,0,0,1,0
U.S.A,Madagascar,72.0,3.0,2,0,0,0,0,1,0
U.S.A,Ecuador,70.0,4.0,2,0,0,0,0,1,0
U.k.,Dominican republic,85.0,3.0,2,0,0,0,0,1,0
U.k.,Peru,68.0,3.0,2,0,0,0,0,1,0
U.k.,Philippines,70.0,2.0,3,1,0,0,0,1,0
New zealand,Solomon islands,70.0,3.0,2,0,0,0,0,1,0
New zealand,Solomon islands,75.0,3.0,2,0,0,0,0,1,0
U.S.A,Blend,70.0,4.0,3,1,0,0,0,1,0
U.S.A,Bolivia,70.0,3.0,2,0,0,0,0,1,0
U.S.A,Peru,70.0,3.0,3,1,0,0,0,1,0
U.S.A,Madagascar,70.0,3.0,2,0,0,0,0,1,0
U.S.A,Venezuela,70.0,3.0,2,0,0,0,0,1,0
U.S.A,Uganda,70.0,3.0,3,1,0,0,0,1,0
U.S.A,Tanzania,70.0,3.0,3,1,0,0,0,1,0
U.S.A,India,70.0,3.0,3,1,0,0,0,1,0
Canada,Madagascar,70.0,4.0,3,1,0,0,0,1,0
Canada,Venezuela,70.0,4.0,3,1,0,0,0,1,0
Canada,Ghana,70.0,4.0,3,1,0,0,0,1,0
Canada,Papua new guinea,70.0,4.0,3,1,0,0,0,1,0
Canada,Dominican republic,70.0,3.0,3,1,0,0,0,1,0
Canada,Dominican republic,70.0,3.0,3,1,0,0,0,1,0
Canada,Blend,70.0,4.0,3,1,0,0,0,1,0
Canada,Peru,64.0,4.0,3,1,0,0,0,1,0
Canada,Blend,70.0,4.0,3,1,0,0,0,1,0
Canada,Dominican republic,70.0,4.0,3,1,0,0,0,1,0
Canada,Bolivia,70.0,4.0,3,1,0,0,0,1,0
Canada,Venezuela,70.0,4.0,3,1,0,0,0,1,0
Canada,Grenada,70.0,3.0,3,1,0,0,0,1,0
Canada,Blend,70.0,4.0,3,1,0,0,0,1,0
Canada,Blend,70.0,4.0,3,1,0,0,0,1,0
Canada,U.s.a.,70.0,4.0,3,1,0,0,0,1,0
Canada,Venezuela,70.0,4.0,3,1,0,0,0,1,0
Canada,Guatemala,70.0,4.0,3,1,0,0,0,1,0
Canada,Blend,70.0,4.0,3,1,0,0,0,1,0
Canada,Papua new guinea,85.0,4.0,3,1,0,0,0,1,0
Canada,Haiti,70.0,3.0,3,1,0,0,0,1,0
Canada,Blend,88.0,4.0,3,1,0,0,0,1,0
Canada,Venezuela,70.0,4.0,3,1,0,0,0,1,0
Canada,Blend,67.0,4.0,3,1,0,0,0,1,0
Canada,Jamaica,70.0,4.0,3,1,0,0,0,1,0
Canada,Dominican republic,77.0,4.0,3,1,0,0,0,1,0
Canada,Trinidad,70.0,4.0,3,1,0,0,0,1,0
Canada,Venezuela,70.0,4.0,3,1,0,0,0,1,0
Canada,Indonesia,70.0,3.0,3,1,0,0,0,1,0
Canada,Blend,70.0,3.0,3,1,0,0,0,1,0
Canada,Venezuela,70.0,3.0,3,1,0,0,0,1,0
Canada,Peru,70.0,3.0,3,1,0,0,0,1,0
Canada,Peru,70.0,4.0,3,1,0,0,0,1,0
Canada,Vanuatu,70.0,4.0,3,1,0,0,0,1,0
Canada,Nicaragua,70.0,4.0,3,1,0,0,0,1,0
Canada,Ecuador,80.0,4.0,3,1,0,0,0,1,0
Canada,Nicaragua,70.0,3.0,3,1,0,0,0,1,0
Canada,Blend,70.0,3.0,3,1,0,0,0,1,0
Canada,Venezuela,75.0,4.0,3,1,0,0,0,1,0
Canada,Venezuela,70.0,4.0,3,1,0,0,0,1,0
Canada,Vietnam,70.0,4.0,3,1,0,0,0,1,0
Canada,Nicaragua,70.0,4.0,3,1,0,0,0,1,0
Canada,Blend,75.0,4.0,3,1,0,0,0,1,0
Canada,Dominican republic,62.0,4.0,3,1,0,0,0,1,0
Canada,Madagascar,70.0,4.0,3,1,0,0,0,1,0
Canada,Brazil,70.0,4.0,3,1,0,0,0,1,0
Canada,Ecuador,70.0,3.0,3,1,0,0,0,1,0
Canada,Colombia,70.0,4.0,3,1,0,0,0,1,0
Canada,Fiji,70.0,3.0,3,1,0,0,0,1,0
Canada,Madagascar,70.0,4.0,3,1,0,0,0,1,0
Canada,Venezuela,70.0,4.0,3,1,0,0,0,1,0
Canada,Haiti,70.0,3.0,3,1,0,0,0,1,0
U.S.A,U.s.a.,70.0,4.0,2,0,0,0,0,1,0
U.S.A,Nicaragua,70.0,3.0,2,0,0,0,0,1,0
Canada,Madagascar,70.0,4.0,2,0,0,0,0,1,0
Canada,Venezuela,75.0,4.0,2,0,0,0,0,1,0
Canada,Tanzania,80.0,4.0,2,0,0,0,0,1,0
Canada,Dominican republic,70.0,3.0,2,0,0,0,0,1,0
Canada,Ecuador,75.0,3.0,2,0,0,0,0,1,0
Canada,Papua new guinea,77.0,3.0,2,0,0,0,0,1,0
U.S.A,Dominican republic,75.0,3.0,4,1,1,0,0,1,0
U.S.A,Dominican republic,70.0,3.0,4,1,1,0,0,1,0
U.S.A,Dominican republic,80.0,3.0,4,1,1,0,0,1,0
Australia,Vanuatu,72.0,3.0,3,1,0,0,0,1,0
Australia,Ecuador,70.0,4.0,3,1,0,0,0,1,0
Australia,Madagascar,70.0,4.0,3,1,0,0,0,1,0
Australia,Dominican republic,70.0,4.0,3,1,0,0,0,1,0
U.S.A,Dominican republic,70.0,4.0,3,1,0,0,0,1,0
U.S.A,Ecuador,70.0,4.0,3,1,0,0,0,1,0
U.S.A,Peru,70.0,3.0,3,1,0,0,0,1,0
Switzerland,Bolivia,70.0,3.0,4,1,0,1,0,1,0
U.S.A,Dominican republic,70.0,3.0,3,0,0,1,0,1,0
U.S.A,Dominican republic,84.0,2.0,3,0,0,1,0,1,0
U.S.A,Ecuador,70.0,3.0,4,1,1,0,0,0,1
U.S.A,Dominican republic,70.0,3.0,4,1,1,0,0,0,1
U.S.A,Guatemala,70.0,3.0,4,1,1,0,0,0,1
U.S.A,Nicaragua,70.0,3.0,4,1,1,0,0,0,1
U.S.A,Madagascar,70.0,3.0,4,1,1,0,0,0,1
Switzerland,India,72.0,3.0,4,1,1,0,0,1,0
Switzerland,Brazil,68.0,3.0,4,1,1,0,0,1,0
U.S.A,Ecuador,84.0,4.0,3,1,0,0,0,1,0
U.S.A,Ecuador,70.0,4.0,3,1,0,0,0,1,0
U.S.A,Bolivia,70.0,2.0,3,1,0,0,0,1,0
U.S.A,Philippines,75.0,3.0,4,1,1,0,0,1,0
U.S.A,Philippines,65.0,2.0,4,1,1,0,0,1,0
U.S.A,Philippines,70.0,2.0,4,1,1,0,0,1,0
U.S.A,Belize,78.0,3.0,2,0,0,0,0,1,0
U.S.A,Madagascar,67.0,3.0,2,0,0,0,0,1,0
Denmark,Peru,71.0,3.0,5,1,1,1,0,1,0
Denmark,Peru,61.0,2.0,5,1,1,1,0,1,0
Venezuela,Venezuela,60.0,3.0,3,1,0,0,0,1,0
Venezuela,Venezuela,70.0,3.0,3,1,0,0,0,1,0
Sweden,Sri lanka,70.0,3.0,2,0,0,0,0,1,0
Sweden,Tanzania,74.0,3.0,2,0,0,0,0,1,0
Japan,Venezuela,75.0,3.0,5,1,1,1,0,1,0
Japan,Belize,70.0,3.0,5,1,1,1,0,1,0
Japan,Brazil,70.0,3.0,5,1,1,1,0,1,0
Japan,Tanzania,75.0,3.0,3,1,0,0,0,1,0
Japan,Peru,70.0,2.0,5,1,1,1,0,1,0
Canada,Peru,68.0,3.0,3,1,0,0,0,1,0
Canada,Papua new guinea,73.0,3.0,3,1,0,0,0,1,0
Canada,Mexico,74.0,3.0,3,1,0,0,0,1,0
Hungary,Venezuela,70.0,3.0,3,1,0,0,0,1,0
Hungary,Peru,70.0,4.0,3,1,0,0,0,1,0
Hungary,Dominican republic,70.0,3.0,3,1,0,0,0,1,0
Hungary,Madagascar,70.0,3.0,3,1,0,0,0,1,0
Hungary,Madagascar,70.0,4.0,3,1,0,0,0,1,0
Hungary,Madagascar,70.0,4.0,3,1,0,0,0,1,0
Hungary,Nicaragua,70.0,3.0,3,1,0,0,0,1,0
Hungary,Cuba,70.0,4.0,3,1,0,0,0,1,0
Hungary,Venezuela,70.0,4.0,3,1,0,0,0,1,0
Hungary,Ecuador,70.0,4.0,3,1,0,0,0,1,0
Hungary,Brazil,70.0,4.0,3,1,0,0,0,1,0
Hungary,Ecuador,70.0,3.0,3,1,0,0,0,1,0
Hungary,Cuba,88.0,3.0,3,1,0,0,0,1,0
Hungary,Madagascar,70.0,3.0,3,1,0,0,0,1,0
Hungary,Vietnam,70.0,3.0,3,1,0,0,0,1,0
U.S.A,Peru,70.0,3.0,4,1,1,0,0,1,0
U.S.A,Costa rica,70.0,3.0,4,1,1,0,0,1,0
U.S.A,Dominican republic,70.0,3.0,4,1,1,0,0,1,0
U.S.A,Mexico,70.0,2.0,4,1,1,0,0,1,0
Japan,Papua new guinea,62.0,3.0,5,1,1,1,0,1,0
Japan,Vietnam,60.0,3.0,5,1,1,1,0,1,0
Japan,Colombia,70.0,3.0,5,1,1,1,0,1,0
Japan,Trinidad,77.0,3.0,4,1,0,1,0,1,0
Vietnam,Vietnam,75.0,3.0,3,1,0,0,0,1,0
Vietnam,Vietnam,70.0,3.0,3,1,0,0,0,1,0
Suriname,Suriname,70.0,3.0,2,0,0,0,0,1,0
U.S.A,Peru,75.0,4.0,3,1,0,0,0,1,0
U.S.A,Peru,75.0,3.0,3,1,0,0,0,1,0
U.S.A,Venezuela,75.0,3.0,4,1,1,0,0,1,0
Switzerland,Mexico,70.0,3.0,3,1,0,0,0,1,0
Switzerland,Nicaragua,72.0,3.0,3,1,0,0,0,1,0
U.S.A,Dominican republic,70.0,3.0,3,1,0,0,0,1,0
U.S.A,Mexico,75.0,3.0,3,1,0,0,0,1,0
U.S.A,Bolivia,87.0,3.0,3,1,0,0,0,1,0
U.S.A,Belize,68.0,3.0,3,1,0,0,0,1,0
U.S.A,Madagascar,70.0,3.0,5,1,1,1,0,1,0
U.S.A,Ghana,70.0,2.0,5,1,1,1,0,1,0
U.S.A,Peru,70.0,2.0,5,1,1,1,0,1,0
U.S.A,Peru,70.0,2.0,5,1,1,1,0,1,0
U.S.A,Blend,68.0,3.0,5,1,1,1,0,1,0
U.S.A,Blend,60.0,3.0,5,1,1,1,0,1,0
U.S.A,Blend,62.0,2.0,5,1,1,1,0,1,0
U.S.A,Dominican republic,70.0,4.0,4,1,1,0,0,1,0
U.S.A,Brazil,70.0,4.0,3,1,0,0,0,1,0
U.S.A,Ecuador,70.0,3.0,4,1,1,0,0,1,0
U.S.A,Ecuador,70.0,3.0,3,1,0,0,0,1,0
U.S.A,Mexico,70.0,3.0,3,1,0,0,0,1,0
U.S.A,Bolivia,67.0,3.0,3,1,0,0,0,1,0
U.S.A,Blend,70.0,3.0,4,1,1,0,0,1,0
U.S.A,Papua new guinea,70.0,3.0,4,1,1,0,0,1,0
U.S.A,Madagascar,70.0,3.0,3,1,0,0,0,1,0
U.S.A,Venezuela,80.0,3.0,4,1,1,0,0,1,0
U.S.A,Madagascar,70.0,3.0,4,1,1,0,0,1,0
U.S.A,Bolivia,70.0,3.0,3,1,0,0,0,1,0
U.S.A,Brazil,70.0,3.0,3,1,0,0,0,1,0
U.S.A,Peru,70.0,2.0,4,1,1,0,0,1,0
U.S.A,Madagascar,67.0,4.0,2,0,0,0,0,1,0
U.S.A,Uganda,73.0,4.0,2,0,0,0,0,1,0
U.S.A,Ecuador,77.0,3.0,2,0,0,0,0,1,0
U.S.A,Belize,70.0,4.0,2,0,0,0,0,1,0
U.S.A,Madagascar,70.0,4.0,2,0,0,0,0,1,0
U.S.A,Guatemala,70.0,4.0,3,1,0,0,0,1,0
U.S.A,Dominican republic,70.0,4.0,3,1,0,0,0,1,0
U.S.A,Ecuador,70.0,3.0,2,0,0,0,0,1,0
U.S.A,Peru,70.0,3.0,2,0,0,0,0,1,0
U.S.A,Bolivia,77.0,3.0,3,1,0,0,0,1,0
U.S.A,Belize,77.0,3.0,3,1,0,0,0,1,0
U.S.A,Haiti,72.0,3.0,3,1,0,0,0,1,0
Sweden,Peru,70.0,3.0,3,1,0,0,0,1,0
U.S.A,Madagascar,65.0,4.0,3,1,0,0,0,1,0
U.S.A,Ghana,84.0,3.0,4,1,1,0,0,1,0
U.S.A,Blend,75.0,3.0,3,1,0,0,0,1,0
U.S.A,Ivory coast,75.0,2.0,4,1,1,0,0,1,0
U.S.A,Venezuela,91.0,2.0,2,0,0,0,0,1,0
U.S.A,Congo,65.0,3.0,4,1,1,0,0,1,0
Japan,Peru,70.0,3.0,2,0,0,0,0,1,0
U.S.A,Ecuador,70.0,4.0,2,0,0,0,0,1,0
Colombia,Colombia,70.0,3.0,3,0,0,1,0,1,0
Colombia,Colombia,70.0,3.0,3,0,0,1,0,1,0
Germany,Belize,72.0,4.0,3,1,0,0,0,1,0
U.S.A,Tanzania,71.0,3.0,2,0,0,0,0,1,0
Ecuador,Ecuador,81.0,3.0,2,0,0,0,0,1,0
U.S.A,Dominican republic,74.0,3.0,3,1,0,0,0,1,0
U.S.A,Venezuela,72.0,3.0,3,1,0,0,0,1,0
U.S.A,Bolivia,77.0,3.0,3,1,0,0,0,1,0
U.k.,Belize,70.0,4.0,3,1,0,0,0,1,0
U.k.,Bolivia,70.0,3.0,3,1,0,0,0,1,0
U.k.,Haiti,70.0,3.0,3,1,0,0,0,1,0
U.k.,Colombia,70.0,3.0,3,1,0,0,0,1,0
South korea,Ecuador,70.0,4.0,2,0,0,0,0,1,0
U.S.A,Dominican republic,72.0,3.0,2,0,0,0,0,1,0
Peru,Peru,70.0,4.0,3,1,0,0,0,1,0
Peru,Peru,73.0,3.0,3,1,0,0,0,1,0
Canada,Peru,70.0,3.0,2,0,0,0,0,1,0
Canada,Vietnam,70.0,3.0,2,0,0,0,0,1,0
Canada,Honduras,70.0,3.0,2,0,0,0,0,1,0
U.S.A,Dominican republic,73.0,3.0,2,0,0,0,0,1,0
U.S.A,Dominican republic,68.0,3.0,2,0,0,0,0,1,0
U.S.A,Bolivia,75.0,2.0,2,0,0,0,0,1,0
U.S.A,Madagascar,75.0,4.0,2,0,0,0,0,1,0
U.S.A,Ecuador,75.0,4.0,2,0,0,0,0,1,0
U.S.A,Dominican republic,75.0,3.0,2,0,0,0,0,1,0
U.S.A,Tanzania,75.0,3.0,2,0,0,0,0,1,0
U.S.A,Peru,60.0,3.0,3,1,0,0,0,1,0
Canada,Guatemala,75.0,3.0,2,0,0,0,0,1,0
Canada,Tanzania,75.0,3.0,2,0,0,0,0,1,0
Canada,Dominican republic,75.0,3.0,2,0,0,0,0,1,0
U.S.A,Dominican republic,70.0,3.0,2,0,0,0,0,1,0
U.S.A,Nicaragua,74.0,3.0,2,0,0,0,0,1,0
U.S.A,Tanzania,72.0,3.0,2,0,0,0,0,1,0
U.S.A,Madagascar,72.0,3.0,2,0,0,0,0,1,0
Italy,Venezuela,65.0,3.0,4,1,1,0,0,1,0
Spain,Colombia,70.0,4.0,3,1,0,0,0,1,0
Spain,Nicaragua,70.0,4.0,3,1,0,0,0,1,0
Canada,Belize,74.0,4.0,3,1,0,0,0,1,0
France,Blend,70.0,4.0,5,1,1,1,0,1,0
France,Madagascar,64.0,4.0,5,1,1,1,0,1,0
France,Blend,66.0,3.0,5,1,1,1,0,1,0
France,Venezuela,64.0,3.0,5,1,1,1,0,1,0
France,Trinidad,64.0,2.0,5,1,1,1,0,1,0
France,Madagascar,64.0,4.0,5,1,1,1,0,1,0
France,Venezuela,65.0,4.0,5,1,1,1,0,1,0
France,Venezuela,64.0,3.0,5,1,1,1,0,1,0
France,Blend,72.0,3.0,5,1,1,1,0,1,0
France,Blend,71.0,3.0,5,1,1,1,0,1,0
France,Blend,85.0,2.0,5,1,1,1,0,1,0
France,Blend,85.0,2.0,5,1,1,1,0,1,0
France,Dominican republic,64.0,4.0,5,1,1,1,0,1,0
France,Ecuador,66.0,4.0,5,1,1,1,0,1,0
France,Ghana,68.0,4.0,5,1,1,1,0,1,0
France,Venezuela,64.0,4.0,5,1,1,1,0,1,0
France,Blend,56.0,3.0,5,1,1,1,0,1,0
France,Venezuela,69.0,4.0,5,1,1,1,0,1,0
France,Blend,70.0,4.0,5,1,1,1,0,1,0
France,Dominican republic,64.0,4.0,5,1,1,1,0,1,0
France,Peru,63.0,4.0,5,1,1,1,0,1,0
France,Blend,60.0,3.0,3,1,0,0,0,1,0
Madagascar,Madagascar,72.0,3.0,3,1,0,0,0,1,0
Madagascar,Madagascar,76.0,3.0,4,1,1,0,0,1,0
Madagascar,Madagascar,80.0,3.0,4,1,1,0,0,1,0
U.S.A,Bolivia,70.0,3.0,2,0,0,0,0,1,0
U.S.A,Bolivia,70.0,3.0,2,0,0,0,0,1,0
U.S.A,Dominican republic,70.0,3.0,2,0,0,0,0,1,0
U.S.A,Guatemala,70.0,3.0,2,0,0,0,0,1,0
U.S.A,Bolivia,70.0,3.0,2,0,0,0,0,1,0
U.S.A,Blend,70.0,3.0,3,1,0,0,0,1,0
U.S.A,Blend,90.0,4.0,3,1,0,0,0,1,0
U.S.A,Trinidad,75.0,4.0,3,1,0,0,0,1,0
U.S.A,Ecuador,75.0,4.0,3,1,0,0,0,1,0
U.S.A,Dominican republic,90.0,3.0,3,1,0,0,0,1,0
France,Vietnam,70.0,4.0,4,1,0,1,0,1,0
U.S.A,Peru,75.0,3.0,3,1,0,0,0,1,0
U.S.A,Ecuador,65.0,3.0,3,1,0,0,0,1,0
U.S.A,Peru,77.0,3.0,2,0,0,0,0,1,0
U.S.A,Belize,77.0,3.0,2,0,0,0,0,1,0
U.S.A,Venezuela,77.0,3.0,2,0,0,0,0,1,0
U.S.A,Madagascar,77.0,3.0,2,0,0,0,0,1,0
U.S.A,Guatemala,77.0,3.0,2,0,0,0,0,1,0
U.S.A,Dominican republic,70.0,3.0,5,1,1,1,0,1,0
U.S.A,Peru,70.0,2.0,5,1,1,1,0,1,0
U.S.A,Venezuela,70.0,2.0,5,1,1,1,0,1,0
U.S.A,Bolivia,70.0,2.0,5,1,1,1,0,1,0
U.S.A,Haiti,70.0,2.0,5,1,1,1,0,1,0
New zealand,Dominican republic,70.0,4.0,2,0,0,0,0,0,1
New zealand,Peru,70.0,4.0,2,0,0,0,0,0,1
New zealand,Samoa,77.0,3.0,2,0,0,0,0,1,0
U.S.A,Tanzania,68.0,3.0,3,1,0,0,0,1,0
U.S.A,Bolivia,72.0,3.0,3,1,0,0,0,1,0
Ireland,Peru,75.0,3.0,3,1,0,0,0,1,0
Ireland,Peru,89.0,3.0,3,1,0,0,0,1,0
Ireland,Peru,75.0,3.0,3,1,0,0,0,1,0
Ireland,Peru,75.0,2.0,3,1,0,0,0,1,0
U.k.,Venezuela,72.0,3.0,3,1,0,0,0,1,0
U.k.,Peru,70.0,3.0,3,1,0,0,0,1,0
U.k.,Indonesia,69.0,4.0,3,1,0,0,0,1,0
U.k.,Venezuela,72.0,4.0,3,1,0,0,0,1,0
U.k.,Madagascar,71.0,3.0,3,1,0,0,0,1,0
U.k.,Colombia,88.0,3.0,3,1,0,0,0,1,0
U.k.,Colombia,70.0,4.0,3,1,0,0,0,1,0
U.S.A,Ghana,75.0,4.0,3,1,0,0,0,1,0
U.S.A,Bolivia,76.0,4.0,3,1,0,0,0,1,0
U.S.A,Venezuela,74.0,3.0,3,1,0,0,0,1,0
U.S.A,Venezuela,70.0,4.0,3,1,0,0,0,1,0
U.S.A,Belize,68.0,3.0,3,1,0,0,0,1,0
U.S.A,Venezuela,70.0,4.0,2,0,0,0,0,1,0
U.S.A,Dominican republic,70.0,4.0,2,0,0,0,0,1,0
U.S.A,Madagascar,70.0,3.0,3,1,0,0,0,1,0
U.S.A,Costa rica,70.0,3.0,2,0,0,0,0,1,0
U.S.A,Ecuador,70.0,2.0,2,0,0,0,0,1,0
U.S.A,Trinidad,70.0,4.0,2,0,0,0,0,1,0
U.S.A,Ecuador,70.0,3.0,2,0,0,0,0,1,0
U.S.A,Peru,70.0,3.0,2,0,0,0,0,1,0
Dominican republic,Dominican republic,66.0,3.0,5,1,0,1,1,1,0
El salvador,El salvador,70.0,3.0,4,1,0,1,0,1,0
El salvador,El salvador,75.0,3.0,4,1,0,1,0,1,0
El salvador,El salvador,65.0,3.0,4,1,0,1,0,1,0
U.S.A,Madagascar,70.0,3.0,2,0,0,0,0,1,0
U.S.A,Dominican republic,70.0,2.0,2,0,0,0,0,1,0
U.S.A,Belize,70.0,4.0,3,1,0,0,0,1,0
U.S.A,Dominican republic,70.0,3.0,3,1,0,0,0,1,0
U.S.A,Madagascar,70.0,3.0,3,1,0,0,0,1,0
U.S.A,Peru,70.0,3.0,3,1,0,0,0,1,0
U.S.A,Papua new guinea,70.0,3.0,3,1,0,0,0,1,0
U.S.A,Blend,60.0,3.0,3,1,0,0,0,1,0
Austria,Madagascar,70.0,4.0,3,1,0,0,0,1,0
Austria,Tanzania,70.0,4.0,3,1,0,0,0,1,0
Austria,Trinidad,78.0,4.0,2,0,0,0,0,1,0
Austria,Tanzania,85.0,3.0,3,1,0,0,0,1,0
Austria,Ecuador,70.0,3.0,3,1,0,0,0,1,0
Austria,Trinidad,85.0,3.0,3,1,0,0,0,1,0
Australia,Bolivia,72.0,4.0,4,1,0,1,0,1,0
Australia,Bolivia,68.0,4.0,4,1,0,1,0,1,0
Australia,Papua new guinea,66.0,4.0,4,1,0,1,0,1,0
Australia,Solomon islands,78.0,4.0,4,1,0,1,0,1,0
Australia,Blend,65.0,3.0,5,1,1,1,0,1,0
Belgium,Nicaragua,70.0,4.0,3,1,0,0,0,1,0
Belgium,Nicaragua,75.0,3.0,3,1,0,0,0,1,0
Belgium,Nicaragua,72.0,3.0,3,1,0,0,0,1,0
Belgium,Dr congo,68.0,3.0,3,1,0,0,0,0,1
Austria,Brazil,65.0,3.0,4,1,0,0,1,0,1
Austria,Peru,70.0,4.0,4,1,0,0,1,0,1
Austria,India,65.0,4.0,4,1,0,0,1,0,1
Austria,India,62.0,3.0,4,1,0,0,1,0,1
Austria,Congo,65.0,3.0,4,1,0,0,1,0,1
Austria,Dominican republic,62.0,4.0,4,1,0,0,1,0,1
Austria,Dominican republic,70.0,4.0,4,1,0,0,1,0,1
Austria,Panama,72.0,4.0,4,1,0,0,1,0,1
Austria,Blend,65.0,4.0,4,1,0,0,1,0,1
Austria,Peru,70.0,4.0,4,1,0,0,1,0,1
Austria,Blend,58.0,4.0,4,1,0,0,1,0,1
Austria,Bolivia,90.0,3.0,4,1,0,0,1,0,1
Austria,Congo,68.0,3.0,4,1,0,0,1,0,1
Austria,Peru,70.0,3.0,4,1,0,0,1,0,1
Austria,Ecuador,75.0,3.0,4,1,0,0,1,0,1
Austria,Papua new guinea,75.0,3.0,4,1,0,0,1,0,1
Austria,Blend,80.0,3.0,4,1,0,0,1,0,1
Austria,Colombia,75.0,4.0,3,1,0,0,0,1,0
Austria,Belize,72.0,4.0,3,1,0,0,0,1,0
Austria,Congo,70.0,3.0,3,1,0,0,0,1,0
Austria,Blend,75.0,3.0,3,1,0,0,0,1,0
